"hotel_id","name","description","brand","address.addr1","address.city","address.city_id","address.region","address.country","address.postal_code","street_address","latitude","longitude","neighborhood[0]","neighborhood[1]","margin_level","base_price","sale_price","phone","star_rating","email","guest_rating[0].rating_system","guest_rating[0].score","guest_rating[0].number_of_reviewers","image[0].url","image[0].tag","image[1].url","image[1].tag","loyalty_program","url"
"HT0001_4N","OZ VILLA HOTEL - 4 Nuits","Établissement familial 2 etoiles a Laleli, a 5 min du Grand Bazar. Chambres simples avec climatisation, petit-dejeuner buffet inclus, WiFi gratuit. Ideal pour voyageurs economes cherchant un point central.","Honey Travel Cheraga","Ordu Cd. No:1, Laleli","Istanbul","","Istanbul","TR","34000","Ordu Cd. No:1, Laleli","41.0086","28.9519","Laleli","Istanbul","","25000.00","23750.00","+213549591903","3","contact@honeytravelcheraga.com","tripAdvisor","4.0","100","https://honeytravelcheraga.com/b2c/istanbul/images/hotel_0001_4N.jpg","[""Exterior"", ""Facade""]","https://honeytravelcheraga.com/b2c/istanbul/images/default.jpg","[""Room"", ""Interior""]","","https://honeytravelcheraga.com/b2c/istanbul/booking?id=HT0001_4N"
"HT0001_6N","OZ VILLA HOTEL - 6 Nuits","Sejour prolonge 6 nuits a l'Oz Villa - Hotel 2 etoiles authentique dans le quartier commercant de Laleli. Proche mosquee Laleli, tramway a 300m. Petit-dejeuner turc traditionnel inclus.","Honey Travel Cheraga","Ordu Cd. No:1, Laleli","Istanbul","","Istanbul","TR","34000","Ordu Cd. No:1, Laleli","41.0086","28.9519","Laleli","Istanbul","","27500.00","26125.00","+213549591903","3","contact@honeytravelcheraga.com","tripAdvisor","4.0","100","https://honeytravelcheraga.com/b2c/istanbul/images/hotel_0001_6N.jpg","[""Exterior"", ""Facade""]","https://honeytravelcheraga.com/b2c/istanbul/images/default.jpg","[""Room"", ""Interior""]","","https://honeytravelcheraga.com/b2c/istanbul/booking?id=HT0001_6N"
"HT0001_7N","OZ VILLA HOTEL - 7 Nuits","Semaine complete a l'Oz Villa Hotel 2 etoiles. Localisation strategique pres de l'universite d'Istanbul et du Grand Bazar. Service 24h/24, change de devises sur place.","Honey Travel Cheraga","Istanbul Cd. No:1, Istanbul Center","Istanbul","","Istanbul","TR","34000","Istanbul Cd. No:1, Istanbul Center","41.0082","28.9784","Default","Istanbul","","30000.00","28500.00","+213549591903","3","contact@honeytravelcheraga.com","tripAdvisor","4.0","100","https://honeytravelcheraga.com/b2c/istanbul/images/hotel_0001_7N.jpg","[""Exterior"", ""Facade""]","https://honeytravelcheraga.com/b2c/istanbul/images/default.jpg","[""Room"", ""Interior""]","","https://honeytravelcheraga.com/b2c/istanbul/booking?id=HT0001_7N"
"HT0002_4N","GRAND MILAN HOTEL - 4 Nuits","Hotel 3 etoiles renove a Laleli, a 8 min a pied du Grand Bazar. Chambres confortables avec TV satellite, minibar. Restaurant sur place proposant cuisine turque et internationale.","Honey Travel Cheraga","Ordu Cd. No:1, Laleli","Istanbul","","Istanbul","TR","34000","Ordu Cd. No:1, Laleli","41.0086","28.9519","Laleli","Istanbul","","26250.00","24937.00","+213549591903","3","contact@honeytravelcheraga.com","tripAdvisor","4.0","100","https://honeytravelcheraga.com/b2c/istanbul/images/hotel_0002_4N.jpg","[""Exterior"", ""Facade""]","https://honeytravelcheraga.com/b2c/istanbul/images/default.jpg","[""Room"", ""Interior""]","","https://honeytravelcheraga.com/b2c/istanbul/booking?id=HT0002_4N"
"HT0002_6N","GRAND MILAN HOTEL - 6 Nuits","Sejour 6 nuits au Grand Milan - Établissement 3 etoiles avec reception 24h/24 et service de concierge. Situation ideale pour shopping textile a Laleli. Transferts aeroport disponibles.","Honey Travel Cheraga","Ordu Cd. No:1, Laleli","Istanbul","","Istanbul","TR","34000","Ordu Cd. No:1, Laleli","41.0086","28.9519","Laleli","Istanbul","","32500.00","30875.00","+213549591903","3","contact@honeytravelcheraga.com","tripAdvisor","4.0","100","https://honeytravelcheraga.com/b2c/istanbul/images/hotel_0002_6N.jpg","[""Exterior"", ""Facade""]","https://honeytravelcheraga.com/b2c/istanbul/images/default.jpg","[""Room"", ""Interior""]","","https://honeytravelcheraga.com/b2c/istanbul/booking?id=HT0002_6N"
"HT0002_7N","GRAND MILAN HOTEL - 7 Nuits","Semaine au Grand Milan Hotel 3 etoiles. Quartier anime de Laleli avec acces facile aux sites historiques. Chambres avec coffre-fort, seche-cheveux. Petit-dejeuner varie.","Honey Travel Cheraga","Ordu Cd. No:1, Laleli","Istanbul","","Istanbul","TR","34000","Ordu Cd. No:1, Laleli","41.0086","28.9519","Laleli","Istanbul","","36250.00","34437.00","+213549591903","3","contact@honeytravelcheraga.com","tripAdvisor","4.0","100","https://honeytravelcheraga.com/b2c/istanbul/images/hotel_0002_7N.jpg","[""Exterior"", ""Facade""]","https://honeytravelcheraga.com/b2c/istanbul/images/default.jpg","[""Room"", ""Interior""]","","https://honeytravelcheraga.com/b2c/istanbul/booking?id=HT0002_7N"
"HT0003_4N","SELENAY HOTEL - 4 Nuits","Selenay Hotel 3 etoiles a Beyazit, a 3 min de la mosquee Beyazit et a 10 min du Grand Bazar. Rooftop avec vue panoramique sur la ville historique. Restaurant panoramique au dernier etage.","Honey Travel Cheraga","Yeniçeriler Cd. No:5, Beyazit","Istanbul","","Istanbul","TR","34000","Yeniçeriler Cd. No:5, Beyazit","41.0103","28.9639","Beyazit","Istanbul","","26250.00","24937.00","+213549591903","3","contact@honeytravelcheraga.com","tripAdvisor","4.0","100","https://honeytravelcheraga.com/b2c/istanbul/images/hotel_0003_4N.jpg","[""Exterior"", ""Facade""]","https://honeytravelcheraga.com/b2c/istanbul/images/default.jpg","[""Room"", ""Interior""]","","https://honeytravelcheraga.com/b2c/istanbul/booking?id=HT0003_4N"
"HT0003_6N","SELENAY HOTEL - 6 Nuits","6 nuits au Selenay Hotel 3 etoiles, situe pres de l'Universite d'Istanbul. Ideal pour decouvrir le vieux quartier ottoman. Chambres avec vue sur la cour interieure ou la rue historique.","Honey Travel Cheraga","Istanbul Cd. No:1, Istanbul Center","Istanbul","","Istanbul","TR","34000","Istanbul Cd. No:1, Istanbul Center","41.0082","28.9784","Default","Istanbul","","32500.00","30875.00","+213549591903","3","contact@honeytravelcheraga.com","tripAdvisor","4.0","100","https://honeytravelcheraga.com/b2c/istanbul/images/hotel_0003_6N.jpg","[""Exterior"", ""Facade""]","https://honeytravelcheraga.com/b2c/istanbul/images/default.jpg","[""Room"", ""Interior""]","","https://honeytravelcheraga.com/b2c/istanbul/booking?id=HT0003_6N"
"HT0003_7N","SELENAY HOTEL - 7 Nuits","Sejour d'une semaine au Selenay 3 etoiles. Emplacement privilegie a Beyazit entre le Grand Bazar et la mosquee du Sultan Ahmet accessible a pied. Service de navette vers l'aeroport.","Honey Travel Cheraga","Yeniçeriler Cd. No:5, Beyazit","Istanbul","","Istanbul","TR","34000","Yeniçeriler Cd. No:5, Beyazit","41.0103","28.9639","Beyazit","Istanbul","","36250.00","34437.00","+213549591903","3","contact@honeytravelcheraga.com","tripAdvisor","4.0","100","https://honeytravelcheraga.com/b2c/istanbul/images/hotel_0003_7N.jpg","[""Exterior"", ""Facade""]","https://honeytravelcheraga.com/b2c/istanbul/images/default.jpg","[""Room"", ""Interior""]","","https://honeytravelcheraga.com/b2c/istanbul/booking?id=HT0003_7N"
"HT0004_4N","ALFA HOTEL - 4 Nuits","Alfa Hotel 3 etoiles a Yenikapi, a 600m de la mosquee Pertevniyal Valide Sultan. Proche gare ferroviaire Yenikapi pour deplacements inter-villes. Chambres avec WiFi haut debit.","Honey Travel Cheraga","Kennedy Cd. No:10, Yenikapi","Istanbul","","Istanbul","TR","34000","Kennedy Cd. No:10, Yenikapi","41.0059","28.9543","Yenikapi","Istanbul","","28750.00","27312.00","+213549591903","3","contact@honeytravelcheraga.com","tripAdvisor","4.0","100","https://honeytravelcheraga.com/b2c/istanbul/images/hotel_0004_4N.jpg","[""Exterior"", ""Facade""]","https://honeytravelcheraga.com/b2c/istanbul/images/default.jpg","[""Room"", ""Interior""]","","https://honeytravelcheraga.com/b2c/istanbul/booking?id=HT0004_4N"
"HT0004_6N","ALFA HOTEL - 6 Nuits","6 nuits a l'Alfa Hotel 3 etoiles. Situation pratique pres du port de Yenikapi pour excursions maritimes. Restaurant avec cuisine turque traditionnelle, bar lounge pour soirees detendues.","Honey Travel Cheraga","Kennedy Cd. No:10, Yenikapi","Istanbul","","Istanbul","TR","34000","Kennedy Cd. No:10, Yenikapi","41.0059","28.9543","Yenikapi","Istanbul","","36250.00","34437.00","+213549591903","3","contact@honeytravelcheraga.com","tripAdvisor","4.0","100","https://honeytravelcheraga.com/b2c/istanbul/images/hotel_0004_6N.jpg","[""Exterior"", ""Facade""]","https://honeytravelcheraga.com/b2c/istanbul/images/default.jpg","[""Room"", ""Interior""]","","https://honeytravelcheraga.com/b2c/istanbul/booking?id=HT0004_6N"
"HT0004_7N","ALFA HOTEL - 7 Nuits","Semaine complete a l'Alfa Hotel Yenikapi 3 etoiles. À 25 min a pied de la Mosquee Bleue. Chambres insonorisees avec climatisation, TV ecran plat. Ideal pour voyageurs affaires et loisirs.","Honey Travel Cheraga","Kennedy Cd. No:10, Yenikapi","Istanbul","","Istanbul","TR","34000","Kennedy Cd. No:10, Yenikapi","41.0059","28.9543","Yenikapi","Istanbul","","41250.00","39187.00","+213549591903","3","contact@honeytravelcheraga.com","tripAdvisor","4.0","100","https://honeytravelcheraga.com/b2c/istanbul/images/hotel_0004_7N.jpg","[""Exterior"", ""Facade""]","https://honeytravelcheraga.com/b2c/istanbul/images/default.jpg","[""Room"", ""Interior""]","","https://honeytravelcheraga.com/b2c/istanbul/booking?id=HT0004_7N"
"HT0005_4N","MATIAT HOTEL - 4 Nuits","Matiat Hotel 3 etoiles a Laleli, a proximite immediate de la mosquee Laleli. Établissement familial avec chambres climatisees, service 24h/24. Petit-dejeuner continental inclus.","Honey Travel Cheraga","Ordu Cd. No:1, Laleli","Istanbul","","Istanbul","TR","34000","Ordu Cd. No:1, Laleli","41.0086","28.9519","Laleli","Istanbul","","28750.00","27312.00","+213549591903","3","contact@honeytravelcheraga.com","tripAdvisor","4.0","100","https://honeytravelcheraga.com/b2c/istanbul/images/hotel_0005_4N.jpg","[""Exterior"", ""Facade""]","https://honeytravelcheraga.com/b2c/istanbul/images/default.jpg","[""Room"", ""Interior""]","","https://honeytravelcheraga.com/b2c/istanbul/booking?id=HT0005_4N"
"HT0005_6N","MATIAT HOTEL - 6 Nuits","Sejour 6 nuits au Matiat Hotel Laleli 3 etoiles. Situe a moins d'1 km du Grand Bazar dans le quartier textile. Chambres avec minibar, salle de bain privee. Acces facile au tramway.","Honey Travel Cheraga","Ordu Cd. No:1, Laleli","Istanbul","","Istanbul","TR","34000","Ordu Cd. No:1, Laleli","41.0086","28.9519","Laleli","Istanbul","","36250.00","34437.00","+213549591903","3","contact@honeytravelcheraga.com","tripAdvisor","4.0","100","https://honeytravelcheraga.com/b2c/istanbul/images/hotel_0005_6N.jpg","[""Exterior"", ""Facade""]","https://honeytravelcheraga.com/b2c/istanbul/images/default.jpg","[""Room"", ""Interior""]","","https://honeytravelcheraga.com/b2c/istanbul/booking?id=HT0005_6N"
"HT0005_7N","MATIAT HOTEL - 7 Nuits","Semaine au Matiat Hotel 3 etoiles Istanbul. Localisation centrale a Fatih pour visiter Sultanahmet, Sainte-Sophie et Topkapi. Service de blanchisserie disponible, reception multilingue.","Honey Travel Cheraga","Fevzi Pasa Cd. No:15, Fatih","Istanbul","","Istanbul","TR","34000","Fevzi Pasa Cd. No:15, Fatih","41.0084","28.9784","Fatih","Istanbul","","41250.00","39187.00","+213549591903","3","contact@honeytravelcheraga.com","tripAdvisor","4.0","100","https://honeytravelcheraga.com/b2c/istanbul/images/hotel_0005_7N.jpg","[""Exterior"", ""Facade""]","https://honeytravelcheraga.com/b2c/istanbul/images/default.jpg","[""Room"", ""Interior""]","","https://honeytravelcheraga.com/b2c/istanbul/booking?id=HT0005_7N"
"HT0006_4N","OZBEK HOTEL - 4 Nuits","Ozbek Hotel 3 etoiles authentique a Laleli, a 5 min en voiture du Grand Bazar. Vue mer depuis certaines chambres, WiFi gratuit, petit-dejeuner buffet. Service de change et concierge.","Honey Travel Cheraga","Ordu Cd. No:1, Laleli","Istanbul","","Istanbul","TR","34000","Ordu Cd. No:1, Laleli","41.0086","28.9519","Laleli","Istanbul","","28750.00","27312.00","+213549591903","3","contact@honeytravelcheraga.com","tripAdvisor","4.0","100","https://honeytravelcheraga.com/b2c/istanbul/images/hotel_0006_4N.jpg","[""Exterior"", ""Facade""]","https://honeytravelcheraga.com/b2c/istanbul/images/default.jpg","[""Room"", ""Interior""]","","https://honeytravelcheraga.com/b2c/istanbul/booking?id=HT0006_4N"
"HT0006_6N","OZBEK HOTEL - 6 Nuits","6 nuits a l'Ozbek Hotel 3 etoiles, etablissement traditionnel turc avec decoration locale. Chambres avec TV satellite, minibar. À 20 min a pied du musee de la presse TGC.","Honey Travel Cheraga","Istanbul Cd. No:1, Istanbul Center","Istanbul","","Istanbul","TR","34000","Istanbul Cd. No:1, Istanbul Center","41.0082","28.9784","Default","Istanbul","","36250.00","34437.00","+213549591903","3","contact@honeytravelcheraga.com","tripAdvisor","4.0","100","https://honeytravelcheraga.com/b2c/istanbul/images/hotel_0006_6N.jpg","[""Exterior"", ""Facade""]","https://honeytravelcheraga.com/b2c/istanbul/images/default.jpg","[""Room"", ""Interior""]","","https://honeytravelcheraga.com/b2c/istanbul/booking?id=HT0006_6N"
"HT0006_7N","OZBEK HOTEL - 7 Nuits","Sejour d'une semaine a l'Ozbek Hotel Laleli 3 etoiles. Excellent rapport qualite-prix pour familles. Proche arrêts de bus et tramway. Personnel serviable parlant anglais.","Honey Travel Cheraga","Ordu Cd. No:1, Laleli","Istanbul","","Istanbul","TR","34000","Ordu Cd. No:1, Laleli","41.0086","28.9519","Laleli","Istanbul","","41250.00","39187.00","+213549591903","3","contact@honeytravelcheraga.com","tripAdvisor","4.0","100","https://honeytravelcheraga.com/b2c/istanbul/images/hotel_0006_7N.jpg","[""Exterior"", ""Facade""]","https://honeytravelcheraga.com/b2c/istanbul/images/default.jpg","[""Room"", ""Interior""]","","https://honeytravelcheraga.com/b2c/istanbul/booking?id=HT0006_7N"
"HT0007_4N","GRAND ONS HOTEL - 4 Nuits","Grand Ons Hotel 3 etoiles, etablissement familial prive de 92 chambres a Laleli. Terrasse panoramique, restaurant et bar sur place. À 5 min a pied du Grand Bazar historique.","Honey Travel Cheraga","Ordu Cd. No:1, Laleli","Istanbul","","Istanbul","TR","34000","Ordu Cd. No:1, Laleli","41.0086","28.9519","Laleli","Istanbul","","32500.00","30875.00","+213549591903","3","contact@honeytravelcheraga.com","tripAdvisor","4.0","100","https://honeytravelcheraga.com/b2c/istanbul/images/hotel_0007_4N.jpg","[""Exterior"", ""Facade""]","https://honeytravelcheraga.com/b2c/istanbul/images/default.jpg","[""Room"", ""Interior""]","","https://honeytravelcheraga.com/b2c/istanbul/booking?id=HT0007_4N"
"HT0007_6N","GRAND ONS HOTEL - 6 Nuits","6 nuits au Grand Ons 3 etoiles avec service de concierge et bureau de tourisme. Chambres insonorisees avec climatisation. Ideal pour shopping dans le quartier textile de Laleli.","Honey Travel Cheraga","Ordu Cd. No:1, Laleli","Istanbul","","Istanbul","TR","34000","Ordu Cd. No:1, Laleli","41.0086","28.9519","Laleli","Istanbul","","43750.00","41562.00","+213549591903","3","contact@honeytravelcheraga.com","tripAdvisor","4.0","100","https://honeytravelcheraga.com/b2c/istanbul/images/hotel_0007_6N.jpg","[""Exterior"", ""Facade""]","https://honeytravelcheraga.com/b2c/istanbul/images/default.jpg","[""Room"", ""Interior""]","","https://honeytravelcheraga.com/b2c/istanbul/booking?id=HT0007_6N"
"HT0007_7N","GRAND ONS HOTEL - 7 Nuits","Semaine complete au Grand Ons Hotel Laleli 3 etoiles. Service 24h/24, ascenseur, chambres familiales disponibles. Petit-dejeuner buffet turc et international. Acces facile transports.","Honey Travel Cheraga","Ordu Cd. No:1, Laleli","Istanbul","","Istanbul","TR","34000","Ordu Cd. No:1, Laleli","41.0086","28.9519","Laleli","Istanbul","","50000.00","47500.00","+213549591903","3","contact@honeytravelcheraga.com","tripAdvisor","4.0","100","https://honeytravelcheraga.com/b2c/istanbul/images/hotel_0007_7N.jpg","[""Exterior"", ""Facade""]","https://honeytravelcheraga.com/b2c/istanbul/images/default.jpg","[""Room"", ""Interior""]","","https://honeytravelcheraga.com/b2c/istanbul/booking?id=HT0007_7N"
"HT0008_4N","DEKOR HOTEL OLD TOWN - 4 Nuits","Dekor Hotel 3 etoiles dans le vieux Laleli, a 1 km du Grand Bazar. Chambres insonorisees avec mobilier en bois, minibar, TV LCD. Petit-dejeuner buffet dans salle a manger elegante.","Honey Travel Cheraga","Ordu Cd. No:1, Laleli","Istanbul","","Istanbul","TR","34000","Ordu Cd. No:1, Laleli","41.0086","28.9519","Laleli","Istanbul","","37500.00","35625.00","+213549591903","3","contact@honeytravelcheraga.com","tripAdvisor","4.0","100","https://honeytravelcheraga.com/b2c/istanbul/images/hotel_0008_4N.jpg","[""Exterior"", ""Facade""]","https://honeytravelcheraga.com/b2c/istanbul/images/default.jpg","[""Room"", ""Interior""]","","https://honeytravelcheraga.com/b2c/istanbul/booking?id=HT0008_4N"
"HT0008_6N","DEKOR HOTEL OLD TOWN - 6 Nuits","Sejour 6 nuits au Dekor Hotel Old Town 3 etoiles. À 5 min a pied du port de Yenikapi pour traversee maritime. Restaurant a la carte proposant specialites turques. WiFi gratuit.","Honey Travel Cheraga","Kennedy Cd. No:10, Yenikapi","Istanbul","","Istanbul","TR","34000","Kennedy Cd. No:10, Yenikapi","41.0059","28.9543","Yenikapi","Istanbul","","50000.00","47500.00","+213549591903","3","contact@honeytravelcheraga.com","tripAdvisor","4.0","100","https://honeytravelcheraga.com/b2c/istanbul/images/hotel_0008_6N.jpg","[""Exterior"", ""Facade""]","https://honeytravelcheraga.com/b2c/istanbul/images/default.jpg","[""Room"", ""Interior""]","","https://honeytravelcheraga.com/b2c/istanbul/booking?id=HT0008_6N"
"HT0008_7N","DEKOR HOTEL OLD TOWN - 7 Nuits","Semaine au Dekor Hotel Laleli 3 etoiles. Mosquee Bleue, Sainte-Sophie et Palais Topkapi accessibles a 2 km. Chambres avec fenêtres insonorisees, coffre-fort. Service navette aeroport.","Honey Travel Cheraga","Ordu Cd. No:1, Laleli","Istanbul","","Istanbul","TR","34000","Ordu Cd. No:1, Laleli","41.0086","28.9519","Laleli","Istanbul","","55000.00","52250.00","+213549591903","3","contact@honeytravelcheraga.com","tripAdvisor","4.0","100","https://honeytravelcheraga.com/b2c/istanbul/images/hotel_0008_7N.jpg","[""Exterior"", ""Facade""]","https://honeytravelcheraga.com/b2c/istanbul/images/default.jpg","[""Room"", ""Interior""]","","https://honeytravelcheraga.com/b2c/istanbul/booking?id=HT0008_7N"
"HT0009_4N","ELITE PALACE HOTEL - 4 Nuits","Elite Palace Hotel 4 etoiles a Yenikapi avec 47 chambres standard. Terrasse restaurant avec vue sur la mer Marmara, cafe et lobby elegant. Minibar et WiFi gratuit dans toutes les chambres.","Honey Travel Cheraga","Kennedy Cd. No:10, Yenikapi","Istanbul","","Istanbul","TR","34000","Kennedy Cd. No:10, Yenikapi","41.0059","28.9543","Yenikapi","Istanbul","","31250.00","29687.00","+213549591903","3","contact@honeytravelcheraga.com","tripAdvisor","4.0","100","https://honeytravelcheraga.com/b2c/istanbul/images/hotel_0009_4N.jpg","[""Exterior"", ""Facade""]","https://honeytravelcheraga.com/b2c/istanbul/images/default.jpg","[""Room"", ""Interior""]","","https://honeytravelcheraga.com/b2c/istanbul/booking?id=HT0009_4N"
"HT0009_6N","ELITE PALACE HOTEL - 6 Nuits","6 nuits a l'Elite Palace 4 etoiles, etablissement recent avec restaurant panoramique. Situe a 25 min a pied du Pont de Galata. Chambres modernes avec salle de bain complete, seche-cheveux.","Honey Travel Cheraga","Istanbul Cd. No:1, Istanbul Center","Istanbul","","Istanbul","TR","34000","Istanbul Cd. No:1, Istanbul Center","41.0082","28.9784","Default","Istanbul","","40000.00","38000.00","+213549591903","3","contact@honeytravelcheraga.com","tripAdvisor","4.0","100","https://honeytravelcheraga.com/b2c/istanbul/images/hotel_0009_6N.jpg","[""Exterior"", ""Facade""]","https://honeytravelcheraga.com/b2c/istanbul/images/default.jpg","[""Room"", ""Interior""]","","https://honeytravelcheraga.com/b2c/istanbul/booking?id=HT0009_6N"
"HT0009_7N","ELITE PALACE HOTEL - 7 Nuits","Semaine de luxe a l'Elite Palace Hotel 4 etoiles Yenikapi. Proche gare Marmaray pour liaison Asie-Europe. Petit-dejeuner buffet varie avec vue, service chambre 24h/24. Parking disponible.","Honey Travel Cheraga","Kennedy Cd. No:10, Yenikapi","Istanbul","","Istanbul","TR","34000","Kennedy Cd. No:10, Yenikapi","41.0059","28.9543","Yenikapi","Istanbul","","45000.00","42750.00","+213549591903","3","contact@honeytravelcheraga.com","tripAdvisor","4.0","100","https://honeytravelcheraga.com/b2c/istanbul/images/hotel_0009_7N.jpg","[""Exterior"", ""Facade""]","https://honeytravelcheraga.com/b2c/istanbul/images/default.jpg","[""Room"", ""Interior""]","","https://honeytravelcheraga.com/b2c/istanbul/booking?id=HT0009_7N"
"HT0010_4N","HAMIT HOTEL VEZNEClLER - 4 Nuits","Hamit Hotel Vezneciler 3 etoiles pres de l'Universite d'Istanbul. Repute pour service exceptionnel malgre categorie 3 etoiles. Petit-dejeuner copieux avec produits locaux. À 5 min du tramway.","Honey Travel Cheraga","Sehzadebasi Cd. No:3, Vezneciler","Istanbul","","Istanbul","TR","34000","Sehzadebasi Cd. No:3, Vezneciler","41.0133","28.9636","Vezneciler","Istanbul","","38750.00","36812.00","+213549591903","3","contact@honeytravelcheraga.com","tripAdvisor","4.0","100","https://honeytravelcheraga.com/b2c/istanbul/images/hotel_0010_4N.jpg","[""Exterior"", ""Facade""]","https://honeytravelcheraga.com/b2c/istanbul/images/default.jpg","[""Room"", ""Interior""]","","https://honeytravelcheraga.com/b2c/istanbul/booking?id=HT0010_4N"
"HT0010_6N","HAMIT HOTEL VEZNEClLER - 6 Nuits","6 nuits au Hamit Hotel 3 etoiles, gere par Malik et son equipe aux petits soins. Mosquee Suleymaniye a proximite, Grand Bazar a 10 min. Chambres avec climatisation, coffre-fort, bouilloire.","Honey Travel Cheraga","Istanbul Cd. No:1, Istanbul Center","Istanbul","","Istanbul","TR","34000","Istanbul Cd. No:1, Istanbul Center","41.0082","28.9784","Default","Istanbul","","51250.00","48687.00","+213549591903","3","contact@honeytravelcheraga.com","tripAdvisor","4.0","100","https://honeytravelcheraga.com/b2c/istanbul/images/hotel_0010_6N.jpg","[""Exterior"", ""Facade""]","https://honeytravelcheraga.com/b2c/istanbul/images/default.jpg","[""Room"", ""Interior""]","","https://honeytravelcheraga.com/b2c/istanbul/booking?id=HT0010_6N"
"HT0010_7N","HAMIT HOTEL VEZNEClLER - 7 Nuits","Semaine au Hamit Hotel Vezneciler 3 etoiles. Localisation parfaite entre metro Vezneciler et tramway Laleli. Excellent rapport qualite-prix, personnel multilingue tres serviable.","Honey Travel Cheraga","Ordu Cd. No:1, Laleli","Istanbul","","Istanbul","TR","34000","Ordu Cd. No:1, Laleli","41.0086","28.9519","Laleli","Istanbul","","58750.00","55812.00","+213549591903","3","contact@honeytravelcheraga.com","tripAdvisor","4.0","100","https://honeytravelcheraga.com/b2c/istanbul/images/hotel_0010_7N.jpg","[""Exterior"", ""Facade""]","https://honeytravelcheraga.com/b2c/istanbul/images/default.jpg","[""Room"", ""Interior""]","","https://honeytravelcheraga.com/b2c/istanbul/booking?id=HT0010_7N"
"HT0011_4N","SILVANA HOTEL - 4 Nuits","Silvana Hotel 3 etoiles a Laleli, a 4 min a pied du tramway Aksaray. Chambres insonorisees avec climatisation, service 24h/24. Quartier commercant anime avec restaurants et bazars.","Honey Travel Cheraga","Ordu Cd. No:1, Laleli","Istanbul","","Istanbul","TR","34000","Ordu Cd. No:1, Laleli","41.0086","28.9519","Laleli","Istanbul","","38750.00","36812.00","+213549591903","3","contact@honeytravelcheraga.com","tripAdvisor","4.0","100","https://honeytravelcheraga.com/b2c/istanbul/images/hotel_0011_4N.jpg","[""Exterior"", ""Facade""]","https://honeytravelcheraga.com/b2c/istanbul/images/default.jpg","[""Room"", ""Interior""]","","https://honeytravelcheraga.com/b2c/istanbul/booking?id=HT0011_4N"
"HT0011_6N","SILVANA HOTEL - 6 Nuits","6 nuits au Silvana Hotel Laleli 3 etoiles. Proche mosquee Laleli et centres commerciaux locaux. Chambres avec TV satellite, minibar, salle de bain privee avec articles de toilette.","Honey Travel Cheraga","Ordu Cd. No:1, Laleli","Istanbul","","Istanbul","TR","34000","Ordu Cd. No:1, Laleli","41.0086","28.9519","Laleli","Istanbul","","51250.00","48687.00","+213549591903","3","contact@honeytravelcheraga.com","tripAdvisor","4.0","100","https://honeytravelcheraga.com/b2c/istanbul/images/hotel_0011_6N.jpg","[""Exterior"", ""Facade""]","https://honeytravelcheraga.com/b2c/istanbul/images/default.jpg","[""Room"", ""Interior""]","","https://honeytravelcheraga.com/b2c/istanbul/booking?id=HT0011_6N"
"HT0011_7N","SILVANA HOTEL - 7 Nuits","Sejour d'une semaine au Silvana 3 etoiles Istanbul. Emplacement central a Fatih pour explorer sites historiques. Service de blanchisserie, concierge pour reservations excursions.","Honey Travel Cheraga","Fevzi Pasa Cd. No:15, Fatih","Istanbul","","Istanbul","TR","34000","Fevzi Pasa Cd. No:15, Fatih","41.0084","28.9784","Fatih","Istanbul","","58750.00","55812.00","+213549591903","3","contact@honeytravelcheraga.com","tripAdvisor","4.0","100","https://honeytravelcheraga.com/b2c/istanbul/images/hotel_0011_7N.jpg","[""Exterior"", ""Facade""]","https://honeytravelcheraga.com/b2c/istanbul/images/default.jpg","[""Room"", ""Interior""]","","https://honeytravelcheraga.com/b2c/istanbul/booking?id=HT0011_7N"
"HT0012_4N","MARMARA PALACE OLD CITY - 4 Nuits","Marmara Palace Old City 3 etoiles au cœur de Laleli. Piscine interieure, sauna et hammam turc inclus. À 25 min a pied des zones historiques. Chambres avec WiFi, climatisation.","Honey Travel Cheraga","Ordu Cd. No:1, Laleli","Istanbul","","Istanbul","TR","34000","Ordu Cd. No:1, Laleli","41.0086","28.9519","Laleli","Istanbul","","37500.00","35625.00","+213549591903","3","contact@honeytravelcheraga.com","tripAdvisor","4.0","100","https://honeytravelcheraga.com/b2c/istanbul/images/hotel_0012_4N.jpg","[""Exterior"", ""Facade""]","https://honeytravelcheraga.com/b2c/istanbul/images/default.jpg","[""Room"", ""Interior""]","","https://honeytravelcheraga.com/b2c/istanbul/booking?id=HT0012_4N"
"HT0012_6N","MARMARA PALACE OLD CITY - 6 Nuits","6 nuits au Marmara Palace 3 etoiles avec acces spa gratuit. Restaurant panoramique avec vue sur la Corne d'Or, service 24h/24. Proche Grand Bazar et arrêts de transport public.","Honey Travel Cheraga","Istanbul Cd. No:1, Istanbul Center","Istanbul","","Istanbul","TR","34000","Istanbul Cd. No:1, Istanbul Center","41.0082","28.9784","Default","Istanbul","","50000.00","47500.00","+213549591903","3","contact@honeytravelcheraga.com","tripAdvisor","4.0","100","https://honeytravelcheraga.com/b2c/istanbul/images/hotel_0012_6N.jpg","[""Exterior"", ""Facade""]","https://honeytravelcheraga.com/b2c/istanbul/images/default.jpg","[""Room"", ""Interior""]","","https://honeytravelcheraga.com/b2c/istanbul/booking?id=HT0012_6N"
"HT0012_7N","MARMARA PALACE OLD CITY - 7 Nuits","Semaine bien-être au Marmara Palace Old City 3 etoiles. Installations spa (sauna, hammam, piscine) disponibles pour clients. Chambres confortables, petit-dejeuner buffet varie.","Honey Travel Cheraga","Istanbul Cd. No:1, Istanbul Center","Istanbul","","Istanbul","TR","34000","Istanbul Cd. No:1, Istanbul Center","41.0082","28.9784","Default","Istanbul","","55000.00","52250.00","+213549591903","3","contact@honeytravelcheraga.com","tripAdvisor","4.0","100","https://honeytravelcheraga.com/b2c/istanbul/images/hotel_0012_7N.jpg","[""Exterior"", ""Facade""]","https://honeytravelcheraga.com/b2c/istanbul/images/default.jpg","[""Room"", ""Interior""]","","https://honeytravelcheraga.com/b2c/istanbul/booking?id=HT0012_7N"
"HT0013_4N","MONACO HOTEL - 4 Nuits","Monaco Hotel 3 etoiles a Laleli, a 300m de la station metro Vezneciler. 90 chambres avec mobilier moderne, douche a l'italienne, bidet. Petit-dejeuner buffet ouvert avec vue ville.","Honey Travel Cheraga","Ordu Cd. No:1, Laleli","Istanbul","","Istanbul","TR","34000","Ordu Cd. No:1, Laleli","41.0086","28.9519","Laleli","Istanbul","","38750.00","36812.00","+213549591903","3","contact@honeytravelcheraga.com","tripAdvisor","4.0","100","https://honeytravelcheraga.com/b2c/istanbul/images/hotel_0013_4N.jpg","[""Exterior"", ""Facade""]","https://honeytravelcheraga.com/b2c/istanbul/images/default.jpg","[""Room"", ""Interior""]","","https://honeytravelcheraga.com/b2c/istanbul/booking?id=HT0013_4N"
"HT0013_6N","MONACO HOTEL - 6 Nuits","6 nuits au Monaco Hotel Laleli 3 etoiles. Salle de reunion et centre d'affaires disponibles. À 5 min a pied de l'Universite d'Istanbul et de la Tour Beyazit. Service change de devises.","Honey Travel Cheraga","Ordu Cd. No:1, Laleli","Istanbul","","Istanbul","TR","34000","Ordu Cd. No:1, Laleli","41.0086","28.9519","Laleli","Istanbul","","51250.00","48687.00","+213549591903","3","contact@honeytravelcheraga.com","tripAdvisor","4.0","100","https://honeytravelcheraga.com/b2c/istanbul/images/hotel_0013_6N.jpg","[""Exterior"", ""Facade""]","https://honeytravelcheraga.com/b2c/istanbul/images/default.jpg","[""Room"", ""Interior""]","","https://honeytravelcheraga.com/b2c/istanbul/booking?id=HT0013_6N"
"HT0013_7N","MONACO HOTEL - 7 Nuits","Semaine au Monaco Hotel 3 etoiles Istanbul. Acces facile a Sainte-Sophie et Mosquee Bleue via tramway. Chambres familiales disponibles, reception 24h/24 avec personnel multilingue.","Honey Travel Cheraga","Istanbul Cd. No:1, Istanbul Center","Istanbul","","Istanbul","TR","34000","Istanbul Cd. No:1, Istanbul Center","41.0082","28.9784","Default","Istanbul","","58750.00","55812.00","+213549591903","3","contact@honeytravelcheraga.com","tripAdvisor","4.0","100","https://honeytravelcheraga.com/b2c/istanbul/images/hotel_0013_7N.jpg","[""Exterior"", ""Facade""]","https://honeytravelcheraga.com/b2c/istanbul/images/default.jpg","[""Room"", ""Interior""]","","https://honeytravelcheraga.com/b2c/istanbul/booking?id=HT0013_7N"
"HT0014_4N","MARTINEZ HOTEL - 4 Nuits","Martinenz Hotel 3 etoiles dans la vieille ville de Laleli, a quelques minutes des musees archeologiques. Chambres avec fenêtres insonorisees, WiFi gratuit. Petit-dejeuner buffet inclus.","Honey Travel Cheraga","Ordu Cd. No:1, Laleli","Istanbul","","Istanbul","TR","34000","Ordu Cd. No:1, Laleli","41.0086","28.9519","Laleli","Istanbul","","42500.00","40375.00","+213549591903","3","contact@honeytravelcheraga.com","tripAdvisor","4.0","100","https://honeytravelcheraga.com/b2c/istanbul/images/hotel_0014_4N.jpg","[""Exterior"", ""Facade""]","https://honeytravelcheraga.com/b2c/istanbul/images/default.jpg","[""Room"", ""Interior""]","","https://honeytravelcheraga.com/b2c/istanbul/booking?id=HT0014_4N"
"HT0014_6N","MARTINEZ HOTEL - 6 Nuits","6 nuits au Martinenz Hotel 3 etoiles, proche station tramway Laleli. Établissement historique avec service traditionnel turc. Chambres avec climatisation, telephone, coffre-fort.","Honey Travel Cheraga","Ordu Cd. No:1, Laleli","Istanbul","","Istanbul","TR","34000","Ordu Cd. No:1, Laleli","41.0086","28.9519","Laleli","Istanbul","","58750.00","55812.00","+213549591903","3","contact@honeytravelcheraga.com","tripAdvisor","4.0","100","https://honeytravelcheraga.com/b2c/istanbul/images/hotel_0014_6N.jpg","[""Exterior"", ""Facade""]","https://honeytravelcheraga.com/b2c/istanbul/images/default.jpg","[""Room"", ""Interior""]","","https://honeytravelcheraga.com/b2c/istanbul/booking?id=HT0014_6N"
"HT0014_7N","MARTINEZ HOTEL - 7 Nuits","Semaine au Martinenz Hotel Laleli 3 etoiles. Ideal pour groupes et familles nombreuses. À proximite du Grand Bazar et de la mosquee Suleymaniye. Service bagagerie et tour operator.","Honey Travel Cheraga","Ordu Cd. No:1, Laleli","Istanbul","","Istanbul","TR","34000","Ordu Cd. No:1, Laleli","41.0086","28.9519","Laleli","Istanbul","","67500.00","64125.00","+213549591903","3","contact@honeytravelcheraga.com","tripAdvisor","4.0","100","https://honeytravelcheraga.com/b2c/istanbul/images/hotel_0014_7N.jpg","[""Exterior"", ""Facade""]","https://honeytravelcheraga.com/b2c/istanbul/images/default.jpg","[""Room"", ""Interior""]","","https://honeytravelcheraga.com/b2c/istanbul/booking?id=HT0014_7N"
"HT0015_4N","MIRILAYON HOTEL - 4 Nuits","Mirilayon Hotel 3 etoiles a 500m de la mosquee Sehzade. Design contemporain avec distributeur automatique et bureau de tournee. 66 chambres pres station metro pour acces facile aux sites.","Honey Travel Cheraga","Istanbul Cd. No:1, Istanbul Center","Istanbul","","Istanbul","TR","34000","Istanbul Cd. No:1, Istanbul Center","41.0082","28.9784","Default","Istanbul","","32500.00","30875.00","+213549591903","3","contact@honeytravelcheraga.com","tripAdvisor","4.0","100","https://honeytravelcheraga.com/b2c/istanbul/images/hotel_0015_4N.jpg","[""Exterior"", ""Facade""]","https://honeytravelcheraga.com/b2c/istanbul/images/default.jpg","[""Room"", ""Interior""]","","https://honeytravelcheraga.com/b2c/istanbul/booking?id=HT0015_4N"
"HT0015_6N","MIRILAYON HOTEL - 6 Nuits","6 nuits au Mirilayon Hotel 3 etoiles, etablissement design dans vieux quartier. À 1,3 km de l'eglise du monastere du Christ. Chambres avec climatisation, photocopieuse disponible.","Honey Travel Cheraga","Istanbul Cd. No:1, Istanbul Center","Istanbul","","Istanbul","TR","34000","Istanbul Cd. No:1, Istanbul Center","41.0082","28.9784","Default","Istanbul","","43750.00","41562.00","+213549591903","3","contact@honeytravelcheraga.com","tripAdvisor","4.0","100","https://honeytravelcheraga.com/b2c/istanbul/images/hotel_0015_6N.jpg","[""Exterior"", ""Facade""]","https://honeytravelcheraga.com/b2c/istanbul/images/default.jpg","[""Room"", ""Interior""]","","https://honeytravelcheraga.com/b2c/istanbul/booking?id=HT0015_6N"
"HT0015_7N","MIRILAYON HOTEL - 7 Nuits","Semaine au Mirilayon Hotel Laleli 3 etoiles. Emplacement pratique pour visiter Sultanahmet a 2 km. Chambres fonctionnelles, service 24h/24, petit-dejeuner continental.","Honey Travel Cheraga","Ordu Cd. No:1, Laleli","Istanbul","","Istanbul","TR","34000","Ordu Cd. No:1, Laleli","41.0086","28.9519","Laleli","Istanbul","","50000.00","47500.00","+213549591903","3","contact@honeytravelcheraga.com","tripAdvisor","4.0","100","https://honeytravelcheraga.com/b2c/istanbul/images/hotel_0015_7N.jpg","[""Exterior"", ""Facade""]","https://honeytravelcheraga.com/b2c/istanbul/images/default.jpg","[""Room"", ""Interior""]","","https://honeytravelcheraga.com/b2c/istanbul/booking?id=HT0015_7N"
"HT0016_4N","MY ASOSS HOTEL - 4 Nuits","My Assos Hotel 2 etoiles a Beyazit, a 5 min a pied du Grand Bazar. Établissement economique bien situe pour shopping et sites historiques. Chambres basiques avec WiFi, petit-dejeuner simple.","Honey Travel Cheraga","Yeniçeriler Cd. No:5, Beyazit","Istanbul","","Istanbul","TR","34000","Yeniçeriler Cd. No:5, Beyazit","41.0103","28.9639","Beyazit","Istanbul","","31250.00","29687.00","+213549591903","3","contact@honeytravelcheraga.com","tripAdvisor","4.0","100","https://honeytravelcheraga.com/b2c/istanbul/images/hotel_0016_4N.jpg","[""Exterior"", ""Facade""]","https://honeytravelcheraga.com/b2c/istanbul/images/default.jpg","[""Room"", ""Interior""]","","https://honeytravelcheraga.com/b2c/istanbul/booking?id=HT0016_4N"
"HT0016_6N","MY ASOSS HOTEL - 6 Nuits","6 nuits au My Assos Hotel 2 etoiles Beyazit. Proche station tramway pour acces facile a Taksim et aeroport. Chambres avec salle de bain privee, TV satellite. Ideal pour budgets limites.","Honey Travel Cheraga","Yeniçeriler Cd. No:5, Beyazit","Istanbul","","Istanbul","TR","34000","Yeniçeriler Cd. No:5, Beyazit","41.0103","28.9639","Beyazit","Istanbul","","40000.00","38000.00","+213549591903","3","contact@honeytravelcheraga.com","tripAdvisor","4.0","100","https://honeytravelcheraga.com/b2c/istanbul/images/hotel_0016_6N.jpg","[""Exterior"", ""Facade""]","https://honeytravelcheraga.com/b2c/istanbul/images/default.jpg","[""Room"", ""Interior""]","","https://honeytravelcheraga.com/b2c/istanbul/booking?id=HT0016_6N"
"HT0016_7N","MY ASOSS HOTEL - 7 Nuits","Semaine economique au My Assos Hotel 2 etoiles. À 10 min de la mosquee Bleue et Sainte-Sophie. Quartier authentique de Beyazit avec restaurants locaux et commerces traditionnels.","Honey Travel Cheraga","Yeniçeriler Cd. No:5, Beyazit","Istanbul","","Istanbul","TR","34000","Yeniçeriler Cd. No:5, Beyazit","41.0103","28.9639","Beyazit","Istanbul","","45000.00","42750.00","+213549591903","3","contact@honeytravelcheraga.com","tripAdvisor","4.0","100","https://honeytravelcheraga.com/b2c/istanbul/images/hotel_0016_7N.jpg","[""Exterior"", ""Facade""]","https://honeytravelcheraga.com/b2c/istanbul/images/default.jpg","[""Room"", ""Interior""]","","https://honeytravelcheraga.com/b2c/istanbul/booking?id=HT0016_7N"
"HT0017_4N","AL-BATROS PREMIER HOTEL - 4 Nuits","Albatros Premier Hotel 5 etoiles superieur au cœur de Sultanahmet. À 10 min a pied de la Citerne Basilique et de l'Hippodrome. 24 chambres avec terrasse sur toit offrant vue panoramique.","Honey Travel Cheraga","Divan Yolu Cd. No:20, Sultanahmet","Istanbul","","Istanbul","TR","34000","Divan Yolu Cd. No:20, Sultanahmet","41.0054","28.9768","Sultanahmet","Istanbul","","41250.00","39187.00","+213549591903","3","contact@honeytravelcheraga.com","tripAdvisor","4.0","100","https://honeytravelcheraga.com/b2c/istanbul/images/hotel_0017_4N.jpg","[""Exterior"", ""Facade""]","https://honeytravelcheraga.com/b2c/istanbul/images/default.jpg","[""Room"", ""Interior""]","","https://honeytravelcheraga.com/b2c/istanbul/booking?id=HT0017_4N"
"HT0017_6N","AL-BATROS PREMIER HOTEL - 6 Nuits","6 nuits de luxe a l'Albatros Premier 5 etoiles, situe a 2 min a pied de Sainte-Sophie. Service en continu, parking avec voiturier, salon executif. Restaurant sur place avec cuisine raffinee.","Honey Travel Cheraga","Istanbul Cd. No:1, Istanbul Center","Istanbul","","Istanbul","TR","34000","Istanbul Cd. No:1, Istanbul Center","41.0082","28.9784","Default","Istanbul","","55000.00","52250.00","+213549591903","3","contact@honeytravelcheraga.com","tripAdvisor","4.0","100","https://honeytravelcheraga.com/b2c/istanbul/images/hotel_0017_6N.jpg","[""Exterior"", ""Facade""]","https://honeytravelcheraga.com/b2c/istanbul/images/default.jpg","[""Room"", ""Interior""]","","https://honeytravelcheraga.com/b2c/istanbul/booking?id=HT0017_6N"
"HT0017_7N","AL-BATROS PREMIER HOTEL - 7 Nuits","Semaine prestigieuse a l'Albatros Premier Hotel 5 etoiles Sultanahmet. Emplacement privilegie entre Mosquee Bleue, Sainte-Sophie et Grand Bazar. Service baby-sitting, blanchisserie, change.","Honey Travel Cheraga","Divan Yolu Cd. No:20, Sultanahmet","Istanbul","","Istanbul","TR","34000","Divan Yolu Cd. No:20, Sultanahmet","41.0054","28.9768","Sultanahmet","Istanbul","","62500.00","59375.00","+213549591903","3","contact@honeytravelcheraga.com","tripAdvisor","4.0","100","https://honeytravelcheraga.com/b2c/istanbul/images/hotel_0017_7N.jpg","[""Exterior"", ""Facade""]","https://honeytravelcheraga.com/b2c/istanbul/images/default.jpg","[""Room"", ""Interior""]","","https://honeytravelcheraga.com/b2c/istanbul/booking?id=HT0017_7N"
"HT0018_4N","GREEN ANKA HOTEL - 4 Nuits","Green Anka Hotel 3 etoiles a Findikzade, a 1-2 min a pied du tramway. Batiment colore avec facade vitree dans quartier commercant anime. Chambres avec WiFi gratuit, climatisation.","Honey Travel Cheraga","Adnan Menderes Blv. No:8, Findikzade","Istanbul","","Istanbul","TR","34000","Adnan Menderes Blv. No:8, Findikzade","41.0156","28.9389","Findikzade","Istanbul","","32500.00","30875.00","+213549591903","3","contact@honeytravelcheraga.com","tripAdvisor","4.0","100","https://honeytravelcheraga.com/b2c/istanbul/images/hotel_0018_4N.jpg","[""Exterior"", ""Facade""]","https://honeytravelcheraga.com/b2c/istanbul/images/default.jpg","[""Room"", ""Interior""]","","https://honeytravelcheraga.com/b2c/istanbul/booking?id=HT0018_4N"
"HT0018_6N","GREEN ANKA HOTEL - 6 Nuits","6 nuits au Green Anka Hotel 3 etoiles Findikzade. Proche centre commercial Historia et mosquee Fatih. Petit-dejeuner continental, service 24h/24. Acces facile au centre-vie via metro.","Honey Travel Cheraga","Fevzi Pasa Cd. No:15, Fatih","Istanbul","","Istanbul","TR","34000","Fevzi Pasa Cd. No:15, Fatih","41.0084","28.9784","Fatih","Istanbul","","43750.00","41562.00","+213549591903","3","contact@honeytravelcheraga.com","tripAdvisor","4.0","100","https://honeytravelcheraga.com/b2c/istanbul/images/hotel_0018_6N.jpg","[""Exterior"", ""Facade""]","https://honeytravelcheraga.com/b2c/istanbul/images/default.jpg","[""Room"", ""Interior""]","","https://honeytravelcheraga.com/b2c/istanbul/booking?id=HT0018_6N"
"HT0018_7N","GREEN ANKA HOTEL - 7 Nuits","Semaine au Green Anka Hotel 3 etoiles, situe a 2 km du centre historique. Quartier local authentique de Findikzade loin des touristes. Chambres propres avec TV ecran plat, minibar.","Honey Travel Cheraga","Adnan Menderes Blv. No:8, Findikzade","Istanbul","","Istanbul","TR","34000","Adnan Menderes Blv. No:8, Findikzade","41.0156","28.9389","Findikzade","Istanbul","","50000.00","47500.00","+213549591903","3","contact@honeytravelcheraga.com","tripAdvisor","4.0","100","https://honeytravelcheraga.com/b2c/istanbul/images/hotel_0018_7N.jpg","[""Exterior"", ""Facade""]","https://honeytravelcheraga.com/b2c/istanbul/images/default.jpg","[""Room"", ""Interior""]","","https://honeytravelcheraga.com/b2c/istanbul/booking?id=HT0018_7N"
"HT0019_4N","THE PARMA DOWNTOWN - 4 Nuits","The Parma Downtown 4 etoiles (anciennement Black Bird) a Laleli. 89 chambres modernes avec fenêtres du sol au plafond et vue ville. Hammam turc, sauna et nightclub sur place.","Honey Travel Cheraga","Ordu Cd. No:1, Laleli","Istanbul","","Istanbul","TR","34000","Ordu Cd. No:1, Laleli","41.0086","28.9519","Laleli","Istanbul","","38750.00","36812.00","+213549591903","3","contact@honeytravelcheraga.com","tripAdvisor","4.0","100","https://honeytravelcheraga.com/b2c/istanbul/images/hotel_0019_4N.jpg","[""Exterior"", ""Facade""]","https://honeytravelcheraga.com/b2c/istanbul/images/default.jpg","[""Room"", ""Interior""]","","https://honeytravelcheraga.com/b2c/istanbul/booking?id=HT0019_4N"
"HT0019_6N","THE PARMA DOWNTOWN - 6 Nuits","6 nuits au Parma Downtown 4 etoiles Laleli. À 5 min a pied de la mosquee Pertevniyal Valide Sultan. Spa complet avec massages, restaurant panoramique. Service express check-in/out.","Honey Travel Cheraga","Ordu Cd. No:1, Laleli","Istanbul","","Istanbul","TR","34000","Ordu Cd. No:1, Laleli","41.0086","28.9519","Laleli","Istanbul","","51250.00","48687.00","+213549591903","3","contact@honeytravelcheraga.com","tripAdvisor","4.0","100","https://honeytravelcheraga.com/b2c/istanbul/images/hotel_0019_6N.jpg","[""Exterior"", ""Facade""]","https://honeytravelcheraga.com/b2c/istanbul/images/default.jpg","[""Room"", ""Interior""]","","https://honeytravelcheraga.com/b2c/istanbul/booking?id=HT0019_6N"
"HT0019_7N","THE PARMA DOWNTOWN - 7 Nuits","Semaine luxueuse au Parma Hotel Downtown 4 etoiles. Quartier chic de Laleli avec boutiques textiles haut de gamme. Chambres spacieuses avec vue ville, service chambre 24h/24.","Honey Travel Cheraga","Ordu Cd. No:1, Laleli","Istanbul","","Istanbul","TR","34000","Ordu Cd. No:1, Laleli","41.0086","28.9519","Laleli","Istanbul","","58750.00","55812.00","+213549591903","3","contact@honeytravelcheraga.com","tripAdvisor","4.0","100","https://honeytravelcheraga.com/b2c/istanbul/images/hotel_0019_7N.jpg","[""Exterior"", ""Facade""]","https://honeytravelcheraga.com/b2c/istanbul/images/default.jpg","[""Room"", ""Interior""]","","https://honeytravelcheraga.com/b2c/istanbul/booking?id=HT0019_7N"
"HT0020_4N","BUYUK HAMIT HOTEL - 4 Nuits","Buyuk Hamit Hotel 3 etoiles a Laleli. Établissement avec piscine interieure et spa complet. Situe pres de la mosquee Laleli, service 24h/24. Chambres avec climatisation et minibar.","Honey Travel Cheraga","Ordu Cd. No:1, Laleli","Istanbul","","Istanbul","TR","34000","Ordu Cd. No:1, Laleli","41.0086","28.9519","Laleli","Istanbul","","38750.00","36812.00","+213549591903","3","contact@honeytravelcheraga.com","tripAdvisor","4.0","100","https://honeytravelcheraga.com/b2c/istanbul/images/hotel_0020_4N.jpg","[""Exterior"", ""Facade""]","https://honeytravelcheraga.com/b2c/istanbul/images/default.jpg","[""Room"", ""Interior""]","","https://honeytravelcheraga.com/b2c/istanbul/booking?id=HT0020_4N"
"HT0020_6N","BUYUK HAMIT HOTEL - 6 Nuits","6 nuits au Buyuk Hamit Hotel 3 etoiles avec acces wellness (piscine, sauna). À 10 min a pied du Grand Bazar. Restaurant sur place proposant cuisine locale et internationale.","Honey Travel Cheraga","Istanbul Cd. No:1, Istanbul Center","Istanbul","","Istanbul","TR","34000","Istanbul Cd. No:1, Istanbul Center","41.0082","28.9784","Default","Istanbul","","51250.00","48687.00","+213549591903","3","contact@honeytravelcheraga.com","tripAdvisor","4.0","100","https://honeytravelcheraga.com/b2c/istanbul/images/hotel_0020_6N.jpg","[""Exterior"", ""Facade""]","https://honeytravelcheraga.com/b2c/istanbul/images/default.jpg","[""Room"", ""Interior""]","","https://honeytravelcheraga.com/b2c/istanbul/booking?id=HT0020_6N"
"HT0020_7N","BUYUK HAMIT HOTEL - 7 Nuits","Semaine bien-être au Buyuk Hamit Hotel 3 etoiles Laleli. Spa avec massage disponible, hammam turc traditionnel. Proche transports publics pour acces facile a tous les sites.","Honey Travel Cheraga","Ordu Cd. No:1, Laleli","Istanbul","","Istanbul","TR","34000","Ordu Cd. No:1, Laleli","41.0086","28.9519","Laleli","Istanbul","","58750.00","55812.00","+213549591903","3","contact@honeytravelcheraga.com","tripAdvisor","4.0","100","https://honeytravelcheraga.com/b2c/istanbul/images/hotel_0020_7N.jpg","[""Exterior"", ""Facade""]","https://honeytravelcheraga.com/b2c/istanbul/images/default.jpg","[""Room"", ""Interior""]","","https://honeytravelcheraga.com/b2c/istanbul/booking?id=HT0020_7N"
"HT0021_4N","KLAS HOTEL - 4 Nuits","Klas Hotel 4 etoiles Istanbul Old City avec piscine sur toit et jacuzzi. 126 chambres bien amenagees pres de la mosquee Laleli. Restaurant, bar, sauna et piscine exterieure saisonniere.","Honey Travel Cheraga","Ordu Cd. No:1, Laleli","Istanbul","","Istanbul","TR","34000","Ordu Cd. No:1, Laleli","41.0086","28.9519","Laleli","Istanbul","","48750.00","46312.00","+213549591903","3","contact@honeytravelcheraga.com","tripAdvisor","4.0","100","https://honeytravelcheraga.com/b2c/istanbul/images/hotel_0021_4N.jpg","[""Exterior"", ""Facade""]","https://honeytravelcheraga.com/b2c/istanbul/images/default.jpg","[""Room"", ""Interior""]","","https://honeytravelcheraga.com/b2c/istanbul/booking?id=HT0021_4N"
"HT0021_6N","KLAS HOTEL - 6 Nuits","6 nuits de luxe au Klas Hotel 4 etoiles avec centre bien-être complet. Piscine panoramique sur toit avec vue vieille ville. Chambres spacieuses avec TV satellite, coffre-fort, fer a repasser.","Honey Travel Cheraga","Istanbul Cd. No:1, Istanbul Center","Istanbul","","Istanbul","TR","34000","Istanbul Cd. No:1, Istanbul Center","41.0082","28.9784","Default","Istanbul","","63750.00","60562.00","+213549591903","3","contact@honeytravelcheraga.com","tripAdvisor","4.0","100","https://honeytravelcheraga.com/b2c/istanbul/images/hotel_0021_6N.jpg","[""Exterior"", ""Facade""]","https://honeytravelcheraga.com/b2c/istanbul/images/default.jpg","[""Room"", ""Interior""]","","https://honeytravelcheraga.com/b2c/istanbul/booking?id=HT0021_6N"
"HT0021_7N","KLAS HOTEL - 7 Nuits","Semaine prestigieuse au Klas Hotel 4 etoiles Laleli. Jacuzzi, sauna et terrasse panoramique disponibles. Proche de tous les sites historiques a pied ou tramway. Service blanchisserie.","Honey Travel Cheraga","Ordu Cd. No:1, Laleli","Istanbul","","Istanbul","TR","34000","Ordu Cd. No:1, Laleli","41.0086","28.9519","Laleli","Istanbul","","72500.00","68875.00","+213549591903","3","contact@honeytravelcheraga.com","tripAdvisor","4.0","100","https://honeytravelcheraga.com/b2c/istanbul/images/hotel_0021_7N.jpg","[""Exterior"", ""Facade""]","https://honeytravelcheraga.com/b2c/istanbul/images/default.jpg","[""Room"", ""Interior""]","","https://honeytravelcheraga.com/b2c/istanbul/booking?id=HT0021_7N"
"HT0022_4N","VATAN ASUR HOTEL - 4 Nuits","Vatan Asur Hotel 4 etoiles luxueux a Laleli avec piscine interieure et centre spa. Velos gratuits a disposition, jardin et restaurant. Chambres avec balcon/terrasse, vue ville imprenable.","Honey Travel Cheraga","Ordu Cd. No:1, Laleli","Istanbul","","Istanbul","TR","34000","Ordu Cd. No:1, Laleli","41.0086","28.9519","Laleli","Istanbul","","38750.00","36812.00","+213549591903","3","contact@honeytravelcheraga.com","tripAdvisor","4.0","100","https://honeytravelcheraga.com/b2c/istanbul/images/hotel_0022_4N.jpg","[""Exterior"", ""Facade""]","https://honeytravelcheraga.com/b2c/istanbul/images/default.jpg","[""Room"", ""Interior""]","","https://honeytravelcheraga.com/b2c/istanbul/booking?id=HT0022_4N"
"HT0022_6N","VATAN ASUR HOTEL - 6 Nuits","6 nuits a l'etablissement haut de gamme Vatan Asur 4 etoiles. Spa avec experiences bien-être, service aeroport 24h/24. À 1,9 km de la mosquee Suleymaniye, petit-dejeuner buffet varie.","Honey Travel Cheraga","Istanbul Cd. No:1, Istanbul Center","Istanbul","","Istanbul","TR","34000","Istanbul Cd. No:1, Istanbul Center","41.0082","28.9784","Default","Istanbul","","51250.00","48687.00","+213549591903","3","contact@honeytravelcheraga.com","tripAdvisor","4.0","100","https://honeytravelcheraga.com/b2c/istanbul/images/hotel_0022_6N.jpg","[""Exterior"", ""Facade""]","https://honeytravelcheraga.com/b2c/istanbul/images/default.jpg","[""Room"", ""Interior""]","","https://honeytravelcheraga.com/b2c/istanbul/booking?id=HT0022_6N"
"HT0022_7N","VATAN ASUR HOTEL - 7 Nuits","Semaine de detente au Vatan Asur Hotel 4 etoiles Laleli. Piscine couverte chauffee, jardin paysager, bar sur place. Chambres luxueuses avec TV cablee, minibar, bouilloire electrique.","Honey Travel Cheraga","Ordu Cd. No:1, Laleli","Istanbul","","Istanbul","TR","34000","Ordu Cd. No:1, Laleli","41.0086","28.9519","Laleli","Istanbul","","58750.00","55812.00","+213549591903","3","contact@honeytravelcheraga.com","tripAdvisor","4.0","100","https://honeytravelcheraga.com/b2c/istanbul/images/hotel_0022_7N.jpg","[""Exterior"", ""Facade""]","https://honeytravelcheraga.com/b2c/istanbul/images/default.jpg","[""Room"", ""Interior""]","","https://honeytravelcheraga.com/b2c/istanbul/booking?id=HT0022_7N"
"HT0023_4N","GLORIOUS HOTEL - 4 Nuits","Glorious Hotel 4 etoiles dans le vibrant quartier de Laleli. 100 chambres avec minibar, coffre-fort compatible ordinateur portable. 2 bars, restaurant, service massage et sauna sur place.","Honey Travel Cheraga","Ordu Cd. No:1, Laleli","Istanbul","","Istanbul","TR","34000","Ordu Cd. No:1, Laleli","41.0086","28.9519","Laleli","Istanbul","","41250.00","39187.00","+213549591903","3","contact@honeytravelcheraga.com","tripAdvisor","4.0","100","https://honeytravelcheraga.com/b2c/istanbul/images/hotel_0023_4N.jpg","[""Exterior"", ""Facade""]","https://honeytravelcheraga.com/b2c/istanbul/images/default.jpg","[""Room"", ""Interior""]","","https://honeytravelcheraga.com/b2c/istanbul/booking?id=HT0023_4N"
"HT0023_6N","GLORIOUS HOTEL - 6 Nuits","6 nuits au Glorious Hotel 4 etoiles avec spa complet (sauna, hammam, bain a remous). Petit-dejeuner buffet gratuit, WiFi dans tout l'etablissement. Proche Grand Bazar et Suleymaniye.","Honey Travel Cheraga","Istanbul Cd. No:1, Istanbul Center","Istanbul","","Istanbul","TR","34000","Istanbul Cd. No:1, Istanbul Center","41.0082","28.9784","Default","Istanbul","","55000.00","52250.00","+213549591903","3","contact@honeytravelcheraga.com","tripAdvisor","4.0","100","https://honeytravelcheraga.com/b2c/istanbul/images/hotel_0023_6N.jpg","[""Exterior"", ""Facade""]","https://honeytravelcheraga.com/b2c/istanbul/images/default.jpg","[""Room"", ""Interior""]","","https://honeytravelcheraga.com/b2c/istanbul/booking?id=HT0023_6N"
"HT0023_7N","GLORIOUS HOTEL - 7 Nuits","Semaine bien-être au Glorious Hotel 4 etoiles Laleli. Piscine interieure disponible, salle de sport. Chambres familiales avec literie premium, TV ecran plat avec chaines satellite.","Honey Travel Cheraga","Ordu Cd. No:1, Laleli","Istanbul","","Istanbul","TR","34000","Ordu Cd. No:1, Laleli","41.0086","28.9519","Laleli","Istanbul","","62500.00","59375.00","+213549591903","3","contact@honeytravelcheraga.com","tripAdvisor","4.0","100","https://honeytravelcheraga.com/b2c/istanbul/images/hotel_0023_7N.jpg","[""Exterior"", ""Facade""]","https://honeytravelcheraga.com/b2c/istanbul/images/default.jpg","[""Room"", ""Interior""]","","https://honeytravelcheraga.com/b2c/istanbul/booking?id=HT0023_7N"
"HT0024_4N","TREND HOTEL ISTANBUL - 4 Nuits","Trend Hotel Istanbul 3 etoiles Old City a Aksaray. Établissement bien note pour proprete et service. Piscine sur toit avec vue panoramique, petit-dejeuner copieux. Proche tramway et metro.","Honey Travel Cheraga","Millet Cd. No:25, Aksaray","Istanbul","","Istanbul","TR","34000","Millet Cd. No:25, Aksaray","41.0128","28.9480","Aksaray","Istanbul","","48750.00","46312.00","+213549591903","3","contact@honeytravelcheraga.com","tripAdvisor","4.0","100","https://honeytravelcheraga.com/b2c/istanbul/images/hotel_0024_4N.jpg","[""Exterior"", ""Facade""]","https://honeytravelcheraga.com/b2c/istanbul/images/default.jpg","[""Room"", ""Interior""]","","https://honeytravelcheraga.com/b2c/istanbul/booking?id=HT0024_4N"
"HT0024_6N","TREND HOTEL ISTANBUL - 6 Nuits","6 nuits au Trend Hotel 3 etoiles avec piscine panoramique sur toit a Aksaray. Personnel accueillant et serviable, chambres propres. À proximite sites historiques et transports.","Honey Travel Cheraga","Millet Cd. No:25, Aksaray","Istanbul","","Istanbul","TR","34000","Millet Cd. No:25, Aksaray","41.0128","28.9480","Aksaray","Istanbul","","63750.00","60562.00","+213549591903","3","contact@honeytravelcheraga.com","tripAdvisor","4.0","100","https://honeytravelcheraga.com/b2c/istanbul/images/hotel_0024_6N.jpg","[""Exterior"", ""Facade""]","https://honeytravelcheraga.com/b2c/istanbul/images/default.jpg","[""Room"", ""Interior""]","","https://honeytravelcheraga.com/b2c/istanbul/booking?id=HT0024_6N"
"HT0024_7N","TREND HOTEL ISTANBUL - 7 Nuits","Semaine au Trend Hotel Istanbul 3 etoiles Old City. Terrasse avec vue imprenable, service 24h/24. Localisation centrale pour visiter Sultanahmet, Spice Market et Taksim.","Honey Travel Cheraga","Divan Yolu Cd. No:20, Sultanahmet","Istanbul","","Istanbul","TR","34000","Divan Yolu Cd. No:20, Sultanahmet","41.0054","28.9768","Sultanahmet","Istanbul","","72500.00","68875.00","+213549591903","3","contact@honeytravelcheraga.com","tripAdvisor","4.0","100","https://honeytravelcheraga.com/b2c/istanbul/images/hotel_0024_7N.jpg","[""Exterior"", ""Facade""]","https://honeytravelcheraga.com/b2c/istanbul/images/default.jpg","[""Room"", ""Interior""]","","https://honeytravelcheraga.com/b2c/istanbul/booking?id=HT0024_7N"
"HT0025_4N","GRAND MARCELLO - 4 Nuits","Grand Marcello Hotel & Spa 4 etoiles a Laleli, a 19 min a pied de la mosquee Suleymaniye. 50 chambres avec vue ville, terrasse sur toit, spa avec therapies. Proximite mosquee Pertevniyal.","Honey Travel Cheraga","Ordu Cd. No:1, Laleli","Istanbul","","Istanbul","TR","34000","Ordu Cd. No:1, Laleli","41.0086","28.9519","Laleli","Istanbul","","51250.00","48687.00","+213549591903","3","contact@honeytravelcheraga.com","tripAdvisor","4.0","100","https://honeytravelcheraga.com/b2c/istanbul/images/hotel_0025_4N.jpg","[""Exterior"", ""Facade""]","https://honeytravelcheraga.com/b2c/istanbul/images/default.jpg","[""Room"", ""Interior""]","","https://honeytravelcheraga.com/b2c/istanbul/booking?id=HT0025_4N"
"HT0025_6N","GRAND MARCELLO - 6 Nuits","6 nuits luxueuses au Grand Marcello 4 etoiles avec spa complet. À 7 min a pied de la Tour Beyazit (85m). Restaurant sur place, cafe, service chambre 24h/24. Chambres spacieuses avec coin salon.","Honey Travel Cheraga","Yeniçeriler Cd. No:5, Beyazit","Istanbul","","Istanbul","TR","34000","Yeniçeriler Cd. No:5, Beyazit","41.0103","28.9639","Beyazit","Istanbul","","67500.00","64125.00","+213549591903","3","contact@honeytravelcheraga.com","tripAdvisor","4.0","100","https://honeytravelcheraga.com/b2c/istanbul/images/hotel_0025_6N.jpg","[""Exterior"", ""Facade""]","https://honeytravelcheraga.com/b2c/istanbul/images/default.jpg","[""Room"", ""Interior""]","","https://honeytravelcheraga.com/b2c/istanbul/booking?id=HT0025_6N"
"HT0025_7N","GRAND MARCELLO - 7 Nuits","Semaine de prestige au Grand Marcello Hotel 4 etoiles. Spa, restaurant gastronomique, terrasse panoramique. Quartier historique de Laleli avec acces facile a Sultanahmet et au Grand Bazar.","Honey Travel Cheraga","Ordu Cd. No:1, Laleli","Istanbul","","Istanbul","TR","34000","Ordu Cd. No:1, Laleli","41.0086","28.9519","Laleli","Istanbul","","77500.00","73625.00","+213549591903","3","contact@honeytravelcheraga.com","tripAdvisor","4.0","100","https://honeytravelcheraga.com/b2c/istanbul/images/hotel_0025_7N.jpg","[""Exterior"", ""Facade""]","https://honeytravelcheraga.com/b2c/istanbul/images/default.jpg","[""Room"", ""Interior""]","","https://honeytravelcheraga.com/b2c/istanbul/booking?id=HT0025_7N"
"HT0026_4N","IKBAL DELUXE HOTEL - 4 Nuits","Ilkbal Deluxe Hotel & Spa 3 etoiles a Laleli avec hammam turc et services massage. 126 chambres proches des murailles historiques. Petit-dejeuner buffet, spa avec bain turc traditionnel.","Honey Travel Cheraga","Ordu Cd. No:1, Laleli","Istanbul","","Istanbul","TR","34000","Ordu Cd. No:1, Laleli","41.0086","28.9519","Laleli","Istanbul","","41250.00","39187.00","+213549591903","3","contact@honeytravelcheraga.com","tripAdvisor","4.0","100","https://honeytravelcheraga.com/b2c/istanbul/images/hotel_0026_4N.jpg","[""Exterior"", ""Facade""]","https://honeytravelcheraga.com/b2c/istanbul/images/default.jpg","[""Room"", ""Interior""]","","https://honeytravelcheraga.com/b2c/istanbul/booking?id=HT0026_4N"
"HT0026_6N","IKBAL DELUXE HOTEL - 6 Nuits","6 nuits au Ilkbal Deluxe 3 etoiles avec centre spa. À 0,6 km de Sainte-Sophie, bien situe pour visiter le vieux Istanbul. Chambres avec climatisation, service 24h/24, restaurant sur place.","Honey Travel Cheraga","Istanbul Cd. No:1, Istanbul Center","Istanbul","","Istanbul","TR","34000","Istanbul Cd. No:1, Istanbul Center","41.0082","28.9784","Default","Istanbul","","55000.00","52250.00","+213549591903","3","contact@honeytravelcheraga.com","tripAdvisor","4.0","100","https://honeytravelcheraga.com/b2c/istanbul/images/hotel_0026_6N.jpg","[""Exterior"", ""Facade""]","https://honeytravelcheraga.com/b2c/istanbul/images/default.jpg","[""Room"", ""Interior""]","","https://honeytravelcheraga.com/b2c/istanbul/booking?id=HT0026_6N"
"HT0026_7N","IKBAL DELUXE HOTEL - 7 Nuits","Semaine au Ilkbal Deluxe Hotel 3 etoiles avec acces spa. Établissement historique avec 5 ascenseurs et grand lobby. Proche Grand Bazar et sites ottomans. WiFi gratuit dans tout l'hotel.","Honey Travel Cheraga","Istanbul Cd. No:1, Istanbul Center","Istanbul","","Istanbul","TR","34000","Istanbul Cd. No:1, Istanbul Center","41.0082","28.9784","Default","Istanbul","","62500.00","59375.00","+213549591903","3","contact@honeytravelcheraga.com","tripAdvisor","4.0","100","https://honeytravelcheraga.com/b2c/istanbul/images/hotel_0026_7N.jpg","[""Exterior"", ""Facade""]","https://honeytravelcheraga.com/b2c/istanbul/images/default.jpg","[""Room"", ""Interior""]","","https://honeytravelcheraga.com/b2c/istanbul/booking?id=HT0026_7N"
"HT0028_4N","GRAND ANKA HOTEL - 4 Nuits","Grand Anka Hotel 3 etoiles a Findikzade, a 800m de la station metro Aksaray et 100m du tramway. Chambres avec WiFi gratuit et TV cable. Non-fumeur avec coiffeur sur place.","Honey Travel Cheraga","Millet Cd. No:25, Aksaray","Istanbul","","Istanbul","TR","34000","Millet Cd. No:25, Aksaray","41.0128","28.9480","Aksaray","Istanbul","","48750.00","46312.00","+213549591903","3","contact@honeytravelcheraga.com","tripAdvisor","4.0","100","https://honeytravelcheraga.com/b2c/istanbul/images/hotel_0028_4N.jpg","[""Exterior"", ""Facade""]","https://honeytravelcheraga.com/b2c/istanbul/images/default.jpg","[""Room"", ""Interior""]","","https://honeytravelcheraga.com/b2c/istanbul/booking?id=HT0028_4N"
"HT0028_6N","GRAND ANKA HOTEL - 6 Nuits","6 nuits au Grand Anka Hotel 3 etoiles Findikzade. Proche centre commercial Historia et zone historique Fatih. Chambres familiales disponibles, service 24h/24, petit-dejeuner inclus.","Honey Travel Cheraga","Fevzi Pasa Cd. No:15, Fatih","Istanbul","","Istanbul","TR","34000","Fevzi Pasa Cd. No:15, Fatih","41.0084","28.9784","Fatih","Istanbul","","63750.00","60562.00","+213549591903","3","contact@honeytravelcheraga.com","tripAdvisor","4.0","100","https://honeytravelcheraga.com/b2c/istanbul/images/hotel_0028_6N.jpg","[""Exterior"", ""Facade""]","https://honeytravelcheraga.com/b2c/istanbul/images/default.jpg","[""Room"", ""Interior""]","","https://honeytravelcheraga.com/b2c/istanbul/booking?id=HT0028_6N"
"HT0028_7N","GRAND ANKA HOTEL - 7 Nuits","Semaine au Grand Anka 3 etoiles, bien situe pour transports en commun (metro + tramway). Quartier residentiel de Findikzade avec commerces locaux. Chambres avec minibar, seche-cheveux.","Honey Travel Cheraga","Adnan Menderes Blv. No:8, Findikzade","Istanbul","","Istanbul","TR","34000","Adnan Menderes Blv. No:8, Findikzade","41.0156","28.9389","Findikzade","Istanbul","","72500.00","68875.00","+213549591903","3","contact@honeytravelcheraga.com","tripAdvisor","4.0","100","https://honeytravelcheraga.com/b2c/istanbul/images/hotel_0028_7N.jpg","[""Exterior"", ""Facade""]","https://honeytravelcheraga.com/b2c/istanbul/images/default.jpg","[""Room"", ""Interior""]","","https://honeytravelcheraga.com/b2c/istanbul/booking?id=HT0028_7N"
"HT0029_4N","PRESTIGE HOTEL - 4 Nuits","Prestige Hotel Old City 3 etoiles, etablissement business historique a Laleli-Beyazit. Chambres modernes avec parquet, minibar et coin salon. Salle de bain avec douche a main.","Honey Travel Cheraga","Ordu Cd. No:1, Laleli","Istanbul","","Istanbul","TR","34000","Ordu Cd. No:1, Laleli","41.0086","28.9519","Laleli","Istanbul","","48750.00","46312.00","+213549591903","3","contact@honeytravelcheraga.com","tripAdvisor","4.0","100","https://honeytravelcheraga.com/b2c/istanbul/images/hotel_0029_4N.jpg","[""Exterior"", ""Facade""]","https://honeytravelcheraga.com/b2c/istanbul/images/default.jpg","[""Room"", ""Interior""]","","https://honeytravelcheraga.com/b2c/istanbul/booking?id=HT0029_4N"
"HT0029_6N","PRESTIGE HOTEL - 6 Nuits","6 nuits au Prestige Hotel 3 etoiles, face au Crowne Plaza dans quartier textile. Excellentes boutiques de marques autour. Petit-dejeuner buffet, bar et restaurant sur place.","Honey Travel Cheraga","Istanbul Cd. No:1, Istanbul Center","Istanbul","","Istanbul","TR","34000","Istanbul Cd. No:1, Istanbul Center","41.0082","28.9784","Default","Istanbul","","63750.00","60562.00","+213549591903","3","contact@honeytravelcheraga.com","tripAdvisor","4.0","100","https://honeytravelcheraga.com/b2c/istanbul/images/hotel_0029_6N.jpg","[""Exterior"", ""Facade""]","https://honeytravelcheraga.com/b2c/istanbul/images/default.jpg","[""Room"", ""Interior""]","","https://honeytravelcheraga.com/b2c/istanbul/booking?id=HT0029_6N"
"HT0029_7N","PRESTIGE HOTEL - 7 Nuits","Semaine au Prestige Hotel Old City 3 etoiles. Localisation centrale pres du Grand Bazar et mosquee Laleli. Service attentionne, chambres propres avec climatisation et WiFi.","Honey Travel Cheraga","Ordu Cd. No:1, Laleli","Istanbul","","Istanbul","TR","34000","Ordu Cd. No:1, Laleli","41.0086","28.9519","Laleli","Istanbul","","72500.00","68875.00","+213549591903","3","contact@honeytravelcheraga.com","tripAdvisor","4.0","100","https://honeytravelcheraga.com/b2c/istanbul/images/hotel_0029_7N.jpg","[""Exterior"", ""Facade""]","https://honeytravelcheraga.com/b2c/istanbul/images/default.jpg","[""Room"", ""Interior""]","","https://honeytravelcheraga.com/b2c/istanbul/booking?id=HT0029_7N"
"HT0030_4N","DANIS HOTEL - 4 Nuits","Danis Hotel 3 etoiles a Laleli dans quartier commercant historique. Chambres confortables avec equipements modernes. Proche Grand Bazar et transports publics pour acces facile aux sites.","Honey Travel Cheraga","Ordu Cd. No:1, Laleli","Istanbul","","Istanbul","TR","34000","Ordu Cd. No:1, Laleli","41.0086","28.9519","Laleli","Istanbul","","51250.00","48687.00","+213549591903","3","contact@honeytravelcheraga.com","tripAdvisor","4.0","100","https://honeytravelcheraga.com/b2c/istanbul/images/hotel_0030_4N.jpg","[""Exterior"", ""Facade""]","https://honeytravelcheraga.com/b2c/istanbul/images/default.jpg","[""Room"", ""Interior""]","","https://honeytravelcheraga.com/b2c/istanbul/booking?id=HT0030_4N"
"HT0030_6N","DANIS HOTEL - 6 Nuits","6 nuits au Danis Hotel 3 etoiles Laleli. Établissement avec service 24h/24 et restaurant sur place. Ideal pour voyageurs affaires et loisirs souhaitant être au cœur de l'action.","Honey Travel Cheraga","Ordu Cd. No:1, Laleli","Istanbul","","Istanbul","TR","34000","Ordu Cd. No:1, Laleli","41.0086","28.9519","Laleli","Istanbul","","70000.00","66500.00","+213549591903","3","contact@honeytravelcheraga.com","tripAdvisor","4.0","100","https://honeytravelcheraga.com/b2c/istanbul/images/hotel_0030_6N.jpg","[""Exterior"", ""Facade""]","https://honeytravelcheraga.com/b2c/istanbul/images/default.jpg","[""Room"", ""Interior""]","","https://honeytravelcheraga.com/b2c/istanbul/booking?id=HT0030_6N"
"HT0030_7N","DANIS HOTEL - 7 Nuits","Semaine au Danis Hotel 3 etoiles Istanbul. Quartier anime de Laleli avec acces rapide a Sultanahmet et Taksim. Chambres spacieuses avec petit-dejeuner buffet inclus.","Honey Travel Cheraga","Ordu Cd. No:1, Laleli","Istanbul","","Istanbul","TR","34000","Ordu Cd. No:1, Laleli","41.0086","28.9519","Laleli","Istanbul","","80000.00","76000.00","+213549591903","3","contact@honeytravelcheraga.com","tripAdvisor","4.0","100","https://honeytravelcheraga.com/b2c/istanbul/images/hotel_0030_7N.jpg","[""Exterior"", ""Facade""]","https://honeytravelcheraga.com/b2c/istanbul/images/default.jpg","[""Room"", ""Interior""]","","https://honeytravelcheraga.com/b2c/istanbul/booking?id=HT0030_7N"
"HT0031_4N","RAMADA GRAND BAZAR - 4 Nuits","Ramada by Wyndham Grand Bazaar 4 etoiles a Laleli. 81 chambres contemporaines avec salle de sport, sauna, jacuzzi. Parking prive gratuit, club enfants, cafe sur place. À 5 min du Grand Bazar.","Honey Travel Cheraga","Ordu Cd. No:1, Laleli","Istanbul","","Istanbul","TR","34000","Ordu Cd. No:1, Laleli","41.0086","28.9519","Laleli","Istanbul","","65000.00","61750.00","+213549591903","3","contact@honeytravelcheraga.com","tripAdvisor","4.0","100","https://honeytravelcheraga.com/b2c/istanbul/images/hotel_0031_4N.jpg","[""Exterior"", ""Facade""]","https://honeytravelcheraga.com/b2c/istanbul/images/default.jpg","[""Room"", ""Interior""]","","https://honeytravelcheraga.com/b2c/istanbul/booking?id=HT0031_4N"
"HT0031_6N","RAMADA GRAND BAZAR - 6 Nuits","6 nuits au Ramada Grand Bazaar 4 etoiles avec centre fitness et wellness. Chambres familiales communicantes disponibles. Restaurant avec terrasse exterieure, bar traditionnel, service 24h/24.","Honey Travel Cheraga","Istanbul Cd. No:1, Istanbul Center","Istanbul","","Istanbul","TR","34000","Istanbul Cd. No:1, Istanbul Center","41.0082","28.9784","Default","Istanbul","","85000.00","80750.00","+213549591903","3","contact@honeytravelcheraga.com","tripAdvisor","4.0","100","https://honeytravelcheraga.com/b2c/istanbul/images/hotel_0031_6N.jpg","[""Exterior"", ""Facade""]","https://honeytravelcheraga.com/b2c/istanbul/images/default.jpg","[""Room"", ""Interior""]","","https://honeytravelcheraga.com/b2c/istanbul/booking?id=HT0031_6N"
"HT0031_7N","RAMADA GRAND BAZAR - 7 Nuits","Semaine de qualite au Ramada by Wyndham 4 etoiles. Salle de reunion, centre d'affaires, blanchisserie. Proche Mosquee Laleli et Bodrum. Ideal pour familles avec aire de jeux et service baby-sitting.","Honey Travel Cheraga","Ordu Cd. No:1, Laleli","Istanbul","","Istanbul","TR","34000","Ordu Cd. No:1, Laleli","41.0086","28.9519","Laleli","Istanbul","","97500.00","92625.00","+213549591903","3","contact@honeytravelcheraga.com","tripAdvisor","4.0","100","https://honeytravelcheraga.com/b2c/istanbul/images/hotel_0031_7N.jpg","[""Exterior"", ""Facade""]","https://honeytravelcheraga.com/b2c/istanbul/images/default.jpg","[""Room"", ""Interior""]","","https://honeytravelcheraga.com/b2c/istanbul/booking?id=HT0031_7N"
"HT0032_4N","MOSAIC HOTEL OLD CITY - 4 Nuits","Mosaic Hotel Old City 3 etoiles dans le vieux Laleli, decore avec mosaiques traditionnelles turques. Chambres confortables pres du Grand Bazar. Service personnalise et authentique.","Honey Travel Cheraga","Ordu Cd. No:1, Laleli","Istanbul","","Istanbul","TR","34000","Ordu Cd. No:1, Laleli","41.0086","28.9519","Laleli","Istanbul","","51250.00","48687.00","+213549591903","3","contact@honeytravelcheraga.com","tripAdvisor","4.0","100","https://honeytravelcheraga.com/b2c/istanbul/images/hotel_0032_4N.jpg","[""Exterior"", ""Facade""]","https://honeytravelcheraga.com/b2c/istanbul/images/default.jpg","[""Room"", ""Interior""]","","https://honeytravelcheraga.com/b2c/istanbul/booking?id=HT0032_4N"
"HT0032_6N","MOSAIC HOTEL OLD CITY - 6 Nuits","6 nuits au Mosaic Hotel 3 etoiles avec architecture ottomane preservee. À proximite des sites historiques de Sultanahmet. Restaurant proposant cuisine locale, petit-dejeuner varie.","Honey Travel Cheraga","Divan Yolu Cd. No:20, Sultanahmet","Istanbul","","Istanbul","TR","34000","Divan Yolu Cd. No:20, Sultanahmet","41.0054","28.9768","Sultanahmet","Istanbul","","70000.00","66500.00","+213549591903","3","contact@honeytravelcheraga.com","tripAdvisor","4.0","100","https://honeytravelcheraga.com/b2c/istanbul/images/hotel_0032_6N.jpg","[""Exterior"", ""Facade""]","https://honeytravelcheraga.com/b2c/istanbul/images/default.jpg","[""Room"", ""Interior""]","","https://honeytravelcheraga.com/b2c/istanbul/booking?id=HT0032_6N"
"HT0032_7N","MOSAIC HOTEL OLD CITY - 7 Nuits","Semaine au Mosaic Hotel Old City 3 etoiles. Ambiance historique dans quartier ancien de Laleli. Chambres avec mobilier traditionnel, WiFi gratuit, service concierge pour excursions.","Honey Travel Cheraga","Ordu Cd. No:1, Laleli","Istanbul","","Istanbul","TR","34000","Ordu Cd. No:1, Laleli","41.0086","28.9519","Laleli","Istanbul","","80000.00","76000.00","+213549591903","3","contact@honeytravelcheraga.com","tripAdvisor","4.0","100","https://honeytravelcheraga.com/b2c/istanbul/images/hotel_0032_7N.jpg","[""Exterior"", ""Facade""]","https://honeytravelcheraga.com/b2c/istanbul/images/default.jpg","[""Room"", ""Interior""]","","https://honeytravelcheraga.com/b2c/istanbul/booking?id=HT0032_7N"
"HT0033_4N","OTTOMAN'S LIFE BOUTIQUE - 4 Nuits","Ottoman's Life Boutique Hotel 4 etoiles sur Vatan Caddesi. Établissement de charme avec decor ottoman authentique. Chambres uniques avec mobilier traditionnel, service personnalise haut de gamme.","Honey Travel Cheraga","Istanbul Cd. No:1, Istanbul Center","Istanbul","","Istanbul","TR","34000","Istanbul Cd. No:1, Istanbul Center","41.0082","28.9784","Default","Istanbul","","51250.00","48687.00","+213549591903","3","contact@honeytravelcheraga.com","tripAdvisor","4.0","100","https://honeytravelcheraga.com/b2c/istanbul/images/hotel_0033_4N.jpg","[""Exterior"", ""Facade""]","https://honeytravelcheraga.com/b2c/istanbul/images/default.jpg","[""Room"", ""Interior""]","","https://honeytravelcheraga.com/b2c/istanbul/booking?id=HT0033_4N"
"HT0033_6N","OTTOMAN'S LIFE BOUTIQUE - 6 Nuits","6 nuits dans cette boutique hotel 4 etoiles Ottoman's Life. Experience culturelle immersive avec architecture et cuisine traditionnelles. Situe sur grande avenue Vatan pour acces facile.","Honey Travel Cheraga","Istanbul Cd. No:1, Istanbul Center","Istanbul","","Istanbul","TR","34000","Istanbul Cd. No:1, Istanbul Center","41.0082","28.9784","Default","Istanbul","","70000.00","66500.00","+213549591903","3","contact@honeytravelcheraga.com","tripAdvisor","4.0","100","https://honeytravelcheraga.com/b2c/istanbul/images/hotel_0033_6N.jpg","[""Exterior"", ""Facade""]","https://honeytravelcheraga.com/b2c/istanbul/images/default.jpg","[""Room"", ""Interior""]","","https://honeytravelcheraga.com/b2c/istanbul/booking?id=HT0033_6N"
"HT0033_7N","OTTOMAN'S LIFE BOUTIQUE - 7 Nuits","Semaine luxueuse a l'Ottoman's Life Boutique 4 etoiles. Cadre exceptionnel avec details historiques, service concierge dedie. Proche centres d'interêt majeurs d'Istanbul en transport.","Honey Travel Cheraga","Istanbul Cd. No:1, Istanbul Center","Istanbul","","Istanbul","TR","34000","Istanbul Cd. No:1, Istanbul Center","41.0082","28.9784","Default","Istanbul","","80000.00","76000.00","+213549591903","3","contact@honeytravelcheraga.com","tripAdvisor","4.0","100","https://honeytravelcheraga.com/b2c/istanbul/images/hotel_0033_7N.jpg","[""Exterior"", ""Facade""]","https://honeytravelcheraga.com/b2c/istanbul/images/default.jpg","[""Room"", ""Interior""]","","https://honeytravelcheraga.com/b2c/istanbul/booking?id=HT0033_7N"
"HT0034_4N","EUROSTARS HOTEL OLD CITY - 4 Nuits","Eurostars Hotel Old City 4 etoiles a Sirkeci, quartier historique proche de la gare ferroviaire. Design moderne avec touches ottomanes. Chambres elegantes, restaurant gastronomique sur place.","Honey Travel Cheraga","Ebusuud Cd. No:22, Sirkeci","Istanbul","","Istanbul","TR","34000","Ebusuud Cd. No:22, Sirkeci","41.0150","28.9773","Sirkeci","Istanbul","","51250.00","48687.00","+213549591903","3","contact@honeytravelcheraga.com","tripAdvisor","4.0","100","https://honeytravelcheraga.com/b2c/istanbul/images/hotel_0034_4N.jpg","[""Exterior"", ""Facade""]","https://honeytravelcheraga.com/b2c/istanbul/images/default.jpg","[""Room"", ""Interior""]","","https://honeytravelcheraga.com/b2c/istanbul/booking?id=HT0034_4N"
"HT0034_6N","EUROSTARS HOTEL OLD CITY - 6 Nuits","6 nuits au Eurostars 4 etoiles Sirkeci avec acces facile a Eminonu et Spice Market. Établissement international avec standards eleves, centre fitness, service chambre premium.","Honey Travel Cheraga","Ebusuud Cd. No:22, Sirkeci","Istanbul","","Istanbul","TR","34000","Ebusuud Cd. No:22, Sirkeci","41.0150","28.9773","Sirkeci","Istanbul","","70000.00","66500.00","+213549591903","3","contact@honeytravelcheraga.com","tripAdvisor","4.0","100","https://honeytravelcheraga.com/b2c/istanbul/images/hotel_0034_6N.jpg","[""Exterior"", ""Facade""]","https://honeytravelcheraga.com/b2c/istanbul/images/default.jpg","[""Room"", ""Interior""]","","https://honeytravelcheraga.com/b2c/istanbul/booking?id=HT0034_6N"
"HT0034_7N","EUROSTARS HOTEL OLD CITY - 7 Nuits","Semaine de qualite internationale au Eurostars Hotel 4 etoiles. Situation privilegiee a Sirkeci pour trains regionaux et sites historiques. Chambres insonorisees avec equipements modernes.","Honey Travel Cheraga","Ebusuud Cd. No:22, Sirkeci","Istanbul","","Istanbul","TR","34000","Ebusuud Cd. No:22, Sirkeci","41.0150","28.9773","Sirkeci","Istanbul","","80000.00","76000.00","+213549591903","3","contact@honeytravelcheraga.com","tripAdvisor","4.0","100","https://honeytravelcheraga.com/b2c/istanbul/images/hotel_0034_7N.jpg","[""Exterior"", ""Facade""]","https://honeytravelcheraga.com/b2c/istanbul/images/default.jpg","[""Room"", ""Interior""]","","https://honeytravelcheraga.com/b2c/istanbul/booking?id=HT0034_7N"
"HT0035_4N","CARTOON HOTEL - 4 Nuits","Cartoon Hotel 4 etoiles a Taksim avec design contemporain et artistique. Proche Place Taksim et rue Istiklal pour vie nocturne et shopping. Chambres creatives avec WiFi haut debit.","Honey Travel Cheraga","Istiklal Cd. No:100, Taksim","Istanbul","","Istanbul","TR","34000","Istiklal Cd. No:100, Taksim","41.0365","28.9877","Taksim","Istanbul","","42500.00","40375.00","+213549591903","3","contact@honeytravelcheraga.com","tripAdvisor","4.0","100","https://honeytravelcheraga.com/b2c/istanbul/images/hotel_0035_4N.jpg","[""Exterior"", ""Facade""]","https://honeytravelcheraga.com/b2c/istanbul/images/default.jpg","[""Room"", ""Interior""]","","https://honeytravelcheraga.com/b2c/istanbul/booking?id=HT0035_4N"
"HT0035_6N","CARTOON HOTEL - 6 Nuits","6 nuits au Cartoon Hotel 4 etoiles Taksim, parfait pour jeunes voyageurs et amateurs de culture. À proximite galeries d'art, cafes branches et transports vers vieille ville.","Honey Travel Cheraga","Istiklal Cd. No:100, Taksim","Istanbul","","Istanbul","TR","34000","Istiklal Cd. No:100, Taksim","41.0365","28.9877","Taksim","Istanbul","","58750.00","55812.00","+213549591903","3","contact@honeytravelcheraga.com","tripAdvisor","4.0","100","https://honeytravelcheraga.com/b2c/istanbul/images/hotel_0035_6N.jpg","[""Exterior"", ""Facade""]","https://honeytravelcheraga.com/b2c/istanbul/images/default.jpg","[""Room"", ""Interior""]","","https://honeytravelcheraga.com/b2c/istanbul/booking?id=HT0035_6N"
"HT0035_7N","CARTOON HOTEL - 7 Nuits","Semaine au Cartoon Hotel 4 etoiles dans le dynamique quartier de Taksim. Acces facile a la zone pietonne d'Istiklal, funiculaire vers Kabatas. Service 24h/24, restaurant tendance.","Honey Travel Cheraga","Istiklal Cd. No:100, Taksim","Istanbul","","Istanbul","TR","34000","Istiklal Cd. No:100, Taksim","41.0365","28.9877","Taksim","Istanbul","","67500.00","64125.00","+213549591903","3","contact@honeytravelcheraga.com","tripAdvisor","4.0","100","https://honeytravelcheraga.com/b2c/istanbul/images/hotel_0035_7N.jpg","[""Exterior"", ""Facade""]","https://honeytravelcheraga.com/b2c/istanbul/images/default.jpg","[""Room"", ""Interior""]","","https://honeytravelcheraga.com/b2c/istanbul/booking?id=HT0035_7N"
"HT0036_4N","MINEO TAKSIM HOTEL - 4 Nuits","Mineo Taksim Hotel 4 etoiles situe au cœur de la vie nocturne d'Istanbul. Chambres modernes avec vue sur la ville animee. Proche de tous les restaurants, bars et clubs de Taksim.","Honey Travel Cheraga","Istiklal Cd. No:100, Taksim","Istanbul","","Istanbul","TR","34000","Istiklal Cd. No:100, Taksim","41.0365","28.9877","Taksim","Istanbul","","42500.00","40375.00","+213549591903","3","contact@honeytravelcheraga.com","tripAdvisor","4.0","100","https://honeytravelcheraga.com/b2c/istanbul/images/hotel_0036_4N.jpg","[""Exterior"", ""Facade""]","https://honeytravelcheraga.com/b2c/istanbul/images/default.jpg","[""Room"", ""Interior""]","","https://honeytravelcheraga.com/b2c/istanbul/booking?id=HT0036_4N"
"HT0036_6N","MINEO TAKSIM HOTEL - 6 Nuits","6 nuits au Mineo Taksim 4 etoiles pour experience Istanbul moderne. À 5 min a pied de la Place Taksim, metro pour acces rapide a Sultanahmet. Chambres avec climatisation, minibar.","Honey Travel Cheraga","Istiklal Cd. No:100, Taksim","Istanbul","","Istanbul","TR","34000","Istiklal Cd. No:100, Taksim","41.0365","28.9877","Taksim","Istanbul","","58750.00","55812.00","+213549591903","3","contact@honeytravelcheraga.com","tripAdvisor","4.0","100","https://honeytravelcheraga.com/b2c/istanbul/images/hotel_0036_6N.jpg","[""Exterior"", ""Facade""]","https://honeytravelcheraga.com/b2c/istanbul/images/default.jpg","[""Room"", ""Interior""]","","https://honeytravelcheraga.com/b2c/istanbul/booking?id=HT0036_6N"
"HT0036_7N","MINEO TAKSIM HOTEL - 7 Nuits","Semaine au Mineo Hotel Taksim 4 etoiles. Emplacement ideal pour decouvrir la rive europeenne moderne d'Istanbul. Proche funiculaire, cafes branches et centre commercial Cevahir.","Honey Travel Cheraga","Istiklal Cd. No:100, Taksim","Istanbul","","Istanbul","TR","34000","Istiklal Cd. No:100, Taksim","41.0365","28.9877","Taksim","Istanbul","","67500.00","64125.00","+213549591903","3","contact@honeytravelcheraga.com","tripAdvisor","4.0","100","https://honeytravelcheraga.com/b2c/istanbul/images/hotel_0036_7N.jpg","[""Exterior"", ""Facade""]","https://honeytravelcheraga.com/b2c/istanbul/images/default.jpg","[""Room"", ""Interior""]","","https://honeytravelcheraga.com/b2c/istanbul/booking?id=HT0036_7N"
"HT0037_4N","LA VILLA HOTEL - 4 Nuits","La Villa Hotel 4 etoiles a Taksim avec ambiance intime et raffinee. Chambres elegantes dans rue calme a proximite de l'effervescence d'Istiklal. Service personnalise, petit-dejeuner gourmet.","Honey Travel Cheraga","Istiklal Cd. No:100, Taksim","Istanbul","","Istanbul","TR","34000","Istiklal Cd. No:100, Taksim","41.0365","28.9877","Taksim","Istanbul","","42500.00","40375.00","+213549591903","3","contact@honeytravelcheraga.com","tripAdvisor","4.0","100","https://honeytravelcheraga.com/b2c/istanbul/images/hotel_0037_4N.jpg","[""Exterior"", ""Facade""]","https://honeytravelcheraga.com/b2c/istanbul/images/default.jpg","[""Room"", ""Interior""]","","https://honeytravelcheraga.com/b2c/istanbul/booking?id=HT0037_4N"
"HT0037_6N","LA VILLA HOTEL - 6 Nuits","6 nuits a La Villa Hotel 4 etoiles Taksim pour sejour elegant. Design interieur soigne, chambres spacieuses avec literie luxueuse. Proche commerces haut de gamme et restaurants branches.","Honey Travel Cheraga","Istiklal Cd. No:100, Taksim","Istanbul","","Istanbul","TR","34000","Istiklal Cd. No:100, Taksim","41.0365","28.9877","Taksim","Istanbul","","58750.00","55812.00","+213549591903","3","contact@honeytravelcheraga.com","tripAdvisor","4.0","100","https://honeytravelcheraga.com/b2c/istanbul/images/hotel_0037_6N.jpg","[""Exterior"", ""Facade""]","https://honeytravelcheraga.com/b2c/istanbul/images/default.jpg","[""Room"", ""Interior""]","","https://honeytravelcheraga.com/b2c/istanbul/booking?id=HT0037_6N"
"HT0037_7N","LA VILLA HOTEL - 7 Nuits","Semaine de luxe discret a La Villa Hotel 4 etoiles. Oasis de calme dans Taksim anime avec patio prive. Service concierge pour reservations restaurants et clubs select.","Honey Travel Cheraga","Istiklal Cd. No:100, Taksim","Istanbul","","Istanbul","TR","34000","Istiklal Cd. No:100, Taksim","41.0365","28.9877","Taksim","Istanbul","","67500.00","64125.00","+213549591903","3","contact@honeytravelcheraga.com","tripAdvisor","4.0","100","https://honeytravelcheraga.com/b2c/istanbul/images/hotel_0037_7N.jpg","[""Exterior"", ""Facade""]","https://honeytravelcheraga.com/b2c/istanbul/images/default.jpg","[""Room"", ""Interior""]","","https://honeytravelcheraga.com/b2c/istanbul/booking?id=HT0037_7N"
"HT0038_4N","CITY CENTER HOTEL - 4 Nuits","City Center Hotel 4 etoiles sur Istiklal Caddesi, artere principale de Taksim. Chambres avec vue sur rue pietonne historique. Acces direct aux boutiques, galeries et restaurants tendance.","Honey Travel Cheraga","Istiklal Cd. No:100, Taksim","Istanbul","","Istanbul","TR","34000","Istiklal Cd. No:100, Taksim","41.0365","28.9877","Taksim","Istanbul","","48750.00","46312.00","+213549591903","3","contact@honeytravelcheraga.com","tripAdvisor","4.0","100","https://honeytravelcheraga.com/b2c/istanbul/images/hotel_0038_4N.jpg","[""Exterior"", ""Facade""]","https://honeytravelcheraga.com/b2c/istanbul/images/default.jpg","[""Room"", ""Interior""]","","https://honeytravelcheraga.com/b2c/istanbul/booking?id=HT0038_4N"
"HT0038_6N","CITY CENTER HOTEL - 6 Nuits","6 nuits au City Center Hotel 4 etoiles Taksim-Istiklal. Au cœur de la vie culturelle d'Istanbul, proche theatres et cinemas historiques. Chambres insonorisees malgre emplacement central.","Honey Travel Cheraga","Istiklal Cd. No:100, Taksim","Istanbul","","Istanbul","TR","34000","Istiklal Cd. No:100, Taksim","41.0365","28.9877","Taksim","Istanbul","","63750.00","60562.00","+213549591903","3","contact@honeytravelcheraga.com","tripAdvisor","4.0","100","https://honeytravelcheraga.com/b2c/istanbul/images/hotel_0038_6N.jpg","[""Exterior"", ""Facade""]","https://honeytravelcheraga.com/b2c/istanbul/images/default.jpg","[""Room"", ""Interior""]","","https://honeytravelcheraga.com/b2c/istanbul/booking?id=HT0038_6N"
"HT0038_7N","CITY CENTER HOTEL - 7 Nuits","Semaine au City Center Hotel 4 etoiles sur Istiklal. Experience Istanbul authentique avec tramway historique passant devant l'hotel. Proche Place Taksim et funiculaire pour ports.","Honey Travel Cheraga","Istiklal Cd. No:100, Taksim","Istanbul","","Istanbul","TR","34000","Istiklal Cd. No:100, Taksim","41.0365","28.9877","Taksim","Istanbul","","72500.00","68875.00","+213549591903","3","contact@honeytravelcheraga.com","tripAdvisor","4.0","100","https://honeytravelcheraga.com/b2c/istanbul/images/hotel_0038_7N.jpg","[""Exterior"", ""Facade""]","https://honeytravelcheraga.com/b2c/istanbul/images/default.jpg","[""Room"", ""Interior""]","","https://honeytravelcheraga.com/b2c/istanbul/booking?id=HT0038_7N"
"HT0039_4N","NOVA PLAZA ORION HOTEL - 4 Nuits","Nova Plaza Orion Hotel 4 etoiles Taksim avec architecture moderne impressionnante. Chambres panoramiques avec vue Bosphore possible. Centre fitness, spa, restaurant panoramique sur toit.","Honey Travel Cheraga","Istiklal Cd. No:100, Taksim","Istanbul","","Istanbul","TR","34000","Istiklal Cd. No:100, Taksim","41.0365","28.9877","Taksim","Istanbul","","65000.00","61750.00","+213549591903","3","contact@honeytravelcheraga.com","tripAdvisor","4.0","100","https://honeytravelcheraga.com/b2c/istanbul/images/hotel_0039_4N.jpg","[""Exterior"", ""Facade""]","https://honeytravelcheraga.com/b2c/istanbul/images/default.jpg","[""Room"", ""Interior""]","","https://honeytravelcheraga.com/b2c/istanbul/booking?id=HT0039_4N"
"HT0039_6N","NOVA PLAZA ORION HOTEL - 6 Nuits","6 nuits luxueuses au Nova Plaza Orion 4 etoiles. Établissement recent avec equipements hightech, piscine interieure. À 10 min a pied de la Place Taksim, proche quartier des affaires.","Honey Travel Cheraga","Istiklal Cd. No:100, Taksim","Istanbul","","Istanbul","TR","34000","Istiklal Cd. No:100, Taksim","41.0365","28.9877","Taksim","Istanbul","","85000.00","80750.00","+213549591903","3","contact@honeytravelcheraga.com","tripAdvisor","4.0","100","https://honeytravelcheraga.com/b2c/istanbul/images/hotel_0039_6N.jpg","[""Exterior"", ""Facade""]","https://honeytravelcheraga.com/b2c/istanbul/images/default.jpg","[""Room"", ""Interior""]","","https://honeytravelcheraga.com/b2c/istanbul/booking?id=HT0039_6N"
"HT0039_7N","NOVA PLAZA ORION HOTEL - 7 Nuits","Semaine de prestige au Nova Plaza Orion Hotel 4 etoiles Taksim. Spa complet avec massage, hammam et sauna. Chambres executives avec acces salon VIP, petit-dejeuner buffet continental.","Honey Travel Cheraga","Istiklal Cd. No:100, Taksim","Istanbul","","Istanbul","TR","34000","Istiklal Cd. No:100, Taksim","41.0365","28.9877","Taksim","Istanbul","","97500.00","92625.00","+213549591903","3","contact@honeytravelcheraga.com","tripAdvisor","4.0","100","https://honeytravelcheraga.com/b2c/istanbul/images/hotel_0039_7N.jpg","[""Exterior"", ""Facade""]","https://honeytravelcheraga.com/b2c/istanbul/images/default.jpg","[""Room"", ""Interior""]","","https://honeytravelcheraga.com/b2c/istanbul/booking?id=HT0039_7N"
"HT0040_4N","PEAK STAR HOTEL - 4 Nuits","Peak Star Hotel 4 etoiles a Taksim avec vue panoramique depuis terrasse sur toit. Chambres modernes avec decoration etoilee. Proche vie nocturne et transports pour aeroports.","Honey Travel Cheraga","Istiklal Cd. No:100, Taksim","Istanbul","","Istanbul","TR","34000","Istiklal Cd. No:100, Taksim","41.0365","28.9877","Taksim","Istanbul","","48750.00","46312.00","+213549591903","3","contact@honeytravelcheraga.com","tripAdvisor","4.0","100","https://honeytravelcheraga.com/b2c/istanbul/images/hotel_0040_4N.jpg","[""Exterior"", ""Facade""]","https://honeytravelcheraga.com/b2c/istanbul/images/default.jpg","[""Room"", ""Interior""]","","https://honeytravelcheraga.com/b2c/istanbul/booking?id=HT0040_4N"
"HT0040_6N","PEAK STAR HOTEL - 6 Nuits","6 nuits au Peak Star Hotel 4 etoiles Taksim. Établissement tendance avec rooftop bar populaire. Chambres avec systeme multimedia, coffre-fort electronique, seche-cheveux professionnel.","Honey Travel Cheraga","Istiklal Cd. No:100, Taksim","Istanbul","","Istanbul","TR","34000","Istiklal Cd. No:100, Taksim","41.0365","28.9877","Taksim","Istanbul","","63750.00","60562.00","+213549591903","3","contact@honeytravelcheraga.com","tripAdvisor","4.0","100","https://honeytravelcheraga.com/b2c/istanbul/images/hotel_0040_6N.jpg","[""Exterior"", ""Facade""]","https://honeytravelcheraga.com/b2c/istanbul/images/default.jpg","[""Room"", ""Interior""]","","https://honeytravelcheraga.com/b2c/istanbul/booking?id=HT0040_6N"
"HT0040_7N","PEAK STAR HOTEL - 7 Nuits","Semaine au Peak Star Hotel 4 etoiles. Ambiance cosmopolite pour jeunes professionnels et voyageurs branches. Proche centres commerciaux Kanyon et Metrocity sur avenue Buyukdere.","Honey Travel Cheraga","Istanbul Cd. No:1, Istanbul Center","Istanbul","","Istanbul","TR","34000","Istanbul Cd. No:1, Istanbul Center","41.0082","28.9784","Default","Istanbul","","72500.00","68875.00","+213549591903","3","contact@honeytravelcheraga.com","tripAdvisor","4.0","100","https://honeytravelcheraga.com/b2c/istanbul/images/hotel_0040_7N.jpg","[""Exterior"", ""Facade""]","https://honeytravelcheraga.com/b2c/istanbul/images/default.jpg","[""Room"", ""Interior""]","","https://honeytravelcheraga.com/b2c/istanbul/booking?id=HT0040_7N"
"HT0041_4N","BVS BOSPHORUS PERA HOTEL - 4 Nuits","BVS Bosphorus Pera Hotel 4 etoiles dans le historique quartier de Pera avec vue sur la Corne d'Or. Chambres avec balcon donnant sur le Golden Horn. Proche Tour de Galata et Istiklal.","Honey Travel Cheraga","Istiklal Cd. No:80, Pera","Istanbul","","Istanbul","TR","34000","Istiklal Cd. No:80, Pera","41.0306","28.9724","Pera","Istanbul","","51250.00","48687.00","+213549591903","3","contact@honeytravelcheraga.com","tripAdvisor","4.0","100","https://honeytravelcheraga.com/b2c/istanbul/images/hotel_0041_4N.jpg","[""Exterior"", ""Facade""]","https://honeytravelcheraga.com/b2c/istanbul/images/default.jpg","[""Room"", ""Interior""]","","https://honeytravelcheraga.com/b2c/istanbul/booking?id=HT0041_4N"
"HT0041_6N","BVS BOSPHORUS PERA HOTEL - 6 Nuits","6 nuits au BVS Bosphorus Pera 4 etoiles. Emplacement artistique pres de la rue des fleurs (Cicek Pasaji) et musees d'art moderne. Chambres elegantes avec mobilier contemporain.","Honey Travel Cheraga","Istiklal Cd. No:80, Pera","Istanbul","","Istanbul","TR","34000","Istiklal Cd. No:80, Pera","41.0306","28.9724","Pera","Istanbul","","67500.00","64125.00","+213549591903","3","contact@honeytravelcheraga.com","tripAdvisor","4.0","100","https://honeytravelcheraga.com/b2c/istanbul/images/hotel_0041_6N.jpg","[""Exterior"", ""Facade""]","https://honeytravelcheraga.com/b2c/istanbul/images/default.jpg","[""Room"", ""Interior""]","","https://honeytravelcheraga.com/b2c/istanbul/booking?id=HT0041_6N"
"HT0041_7N","BVS BOSPHORUS PERA HOTEL - 7 Nuits","Semaine au BVS Bosphorus Pera Hotel 4 etoiles. Vue imprenable sur le pont de Galata et la vieille ville. Acces facile aux quartiers historiques de Sultanahmet via pont a pied.","Honey Travel Cheraga","Istiklal Cd. No:80, Pera","Istanbul","","Istanbul","TR","34000","Istiklal Cd. No:80, Pera","41.0306","28.9724","Pera","Istanbul","","77500.00","73625.00","+213549591903","3","contact@honeytravelcheraga.com","tripAdvisor","4.0","100","https://honeytravelcheraga.com/b2c/istanbul/images/hotel_0041_7N.jpg","[""Exterior"", ""Facade""]","https://honeytravelcheraga.com/b2c/istanbul/images/default.jpg","[""Room"", ""Interior""]","","https://honeytravelcheraga.com/b2c/istanbul/booking?id=HT0041_7N"
"HT0042_4N","KONAK HOTEL - 4 Nuits","Konak Hotel 4 etoiles a Taksim avec architecture rappelant les demeures traditionnelles ottomanes (Konak). Chambres spacieuses avec salon separe. Service personnalise, ambiance feutree.","Honey Travel Cheraga","Istiklal Cd. No:100, Taksim","Istanbul","","Istanbul","TR","34000","Istiklal Cd. No:100, Taksim","41.0365","28.9877","Taksim","Istanbul","","55000.00","52250.00","+213549591903","3","contact@honeytravelcheraga.com","tripAdvisor","4.0","100","https://honeytravelcheraga.com/b2c/istanbul/images/hotel_0042_4N.jpg","[""Exterior"", ""Facade""]","https://honeytravelcheraga.com/b2c/istanbul/images/default.jpg","[""Room"", ""Interior""]","","https://honeytravelcheraga.com/b2c/istanbul/booking?id=HT0042_4N"
"HT0042_6N","KONAK HOTEL - 6 Nuits","6 nuits au Konak Hotel 4 etoiles Taksim. Établissement boutique avec jardin interieur privatif. Proche du parc Gezi et de la zone diplomatique. Chambres familiales avec coin salon.","Honey Travel Cheraga","Istiklal Cd. No:100, Taksim","Istanbul","","Istanbul","TR","34000","Istiklal Cd. No:100, Taksim","41.0365","28.9877","Taksim","Istanbul","","76250.00","72437.00","+213549591903","3","contact@honeytravelcheraga.com","tripAdvisor","4.0","100","https://honeytravelcheraga.com/b2c/istanbul/images/hotel_0042_6N.jpg","[""Exterior"", ""Facade""]","https://honeytravelcheraga.com/b2c/istanbul/images/default.jpg","[""Room"", ""Interior""]","","https://honeytravelcheraga.com/b2c/istanbul/booking?id=HT0042_6N"
"HT0042_7N","KONAK HOTEL - 7 Nuits","Semaine au Konak Hotel 4 etoiles. Experience ottomane revisitee avec confort moderne. Situe dans rue calme de Taksim a 8 min a pied de la place. Service concierge pour excursions privees.","Honey Travel Cheraga","Istiklal Cd. No:100, Taksim","Istanbul","","Istanbul","TR","34000","Istiklal Cd. No:100, Taksim","41.0365","28.9877","Taksim","Istanbul","","86250.00","81937.00","+213549591903","3","contact@honeytravelcheraga.com","tripAdvisor","4.0","100","https://honeytravelcheraga.com/b2c/istanbul/images/hotel_0042_7N.jpg","[""Exterior"", ""Facade""]","https://honeytravelcheraga.com/b2c/istanbul/images/default.jpg","[""Room"", ""Interior""]","","https://honeytravelcheraga.com/b2c/istanbul/booking?id=HT0042_7N"
"HT0043_4N","METROPOLITAN HOTEL - 4 Nuits","Metropolitan Hotel 4 etoiles Taksim avec style urbain contemporain. Chambres avec vue panoramique sur la metropole Istanbul. Centre d'affaires complet, salle de reunion, WiFi haut debit.","Honey Travel Cheraga","Istiklal Cd. No:100, Taksim","Istanbul","","Istanbul","TR","34000","Istiklal Cd. No:100, Taksim","41.0365","28.9877","Taksim","Istanbul","","65000.00","61750.00","+213549591903","3","contact@honeytravelcheraga.com","tripAdvisor","4.0","100","https://honeytravelcheraga.com/b2c/istanbul/images/hotel_0043_4N.jpg","[""Exterior"", ""Facade""]","https://honeytravelcheraga.com/b2c/istanbul/images/default.jpg","[""Room"", ""Interior""]","","https://honeytravelcheraga.com/b2c/istanbul/booking?id=HT0043_4N"
"HT0043_6N","METROPOLITAN HOTEL - 6 Nuits","6 nuits au Metropolitan Hotel 4 etoiles pour voyageurs d'affaires et loisirs. Proche centres congress et quartier financier de Levent accessible via metro. Chambres executives avec bureau.","Honey Travel Cheraga","Istanbul Cd. No:1, Istanbul Center","Istanbul","","Istanbul","TR","34000","Istanbul Cd. No:1, Istanbul Center","41.0082","28.9784","Default","Istanbul","","85000.00","80750.00","+213549591903","3","contact@honeytravelcheraga.com","tripAdvisor","4.0","100","https://honeytravelcheraga.com/b2c/istanbul/images/hotel_0043_6N.jpg","[""Exterior"", ""Facade""]","https://honeytravelcheraga.com/b2c/istanbul/images/default.jpg","[""Room"", ""Interior""]","","https://honeytravelcheraga.com/b2c/istanbul/booking?id=HT0043_6N"
"HT0043_7N","METROPOLITAN HOTEL - 7 Nuits","Semaine au Metropolitan Hotel 4 etoiles Taksim. Établissement international avec standards eleves, service chambre 24h/24. Proche vie nocturne Taksim et sites culturels du Bosphore.","Honey Travel Cheraga","Istiklal Cd. No:100, Taksim","Istanbul","","Istanbul","TR","34000","Istiklal Cd. No:100, Taksim","41.0365","28.9877","Taksim","Istanbul","","97500.00","92625.00","+213549591903","3","contact@honeytravelcheraga.com","tripAdvisor","4.0","100","https://honeytravelcheraga.com/b2c/istanbul/images/hotel_0043_7N.jpg","[""Exterior"", ""Facade""]","https://honeytravelcheraga.com/b2c/istanbul/images/default.jpg","[""Room"", ""Interior""]","","https://honeytravelcheraga.com/b2c/istanbul/booking?id=HT0043_7N"
"HT0044_4N","GONEN HOTEL - 4 Nuits","Gonen Hotel 4 etoiles a Taksim, chaine hoteliere turque reputee. Chambres confortables avec decoration locale. Restaurant avec cuisine turque authentique, petit-dejeuner buffet varie.","Honey Travel Cheraga","Istiklal Cd. No:100, Taksim","Istanbul","","Istanbul","TR","34000","Istiklal Cd. No:100, Taksim","41.0365","28.9877","Taksim","Istanbul","","61250.00","58187.00","+213549591903","3","contact@honeytravelcheraga.com","tripAdvisor","4.0","100","https://honeytravelcheraga.com/b2c/istanbul/images/hotel_0044_4N.jpg","[""Exterior"", ""Facade""]","https://honeytravelcheraga.com/b2c/istanbul/images/default.jpg","[""Room"", ""Interior""]","","https://honeytravelcheraga.com/b2c/istanbul/booking?id=HT0044_4N"
"HT0044_6N","GONEN HOTEL - 6 Nuits","6 nuits au Gonen Hotel 4 etoiles Taksim. Établissement avec piscine interieure et centre fitness. Proche stade Inonu et centre de conventions Lutfi Kirdar. Service de navette regulier.","Honey Travel Cheraga","Istiklal Cd. No:100, Taksim","Istanbul","","Istanbul","TR","34000","Istiklal Cd. No:100, Taksim","41.0365","28.9877","Taksim","Istanbul","","83750.00","79562.00","+213549591903","3","contact@honeytravelcheraga.com","tripAdvisor","4.0","100","https://honeytravelcheraga.com/b2c/istanbul/images/hotel_0044_6N.jpg","[""Exterior"", ""Facade""]","https://honeytravelcheraga.com/b2c/istanbul/images/default.jpg","[""Room"", ""Interior""]","","https://honeytravelcheraga.com/b2c/istanbul/booking?id=HT0044_6N"
"HT0044_7N","GONEN HOTEL - 7 Nuits","Semaine au Gonen Hotel 4 etoiles. Tradition hospitaliere turque avec equipements modernes. Quartier Taksim avec acces facile a Dolmabahce et palais de Topkapi via transports.","Honey Travel Cheraga","Istiklal Cd. No:100, Taksim","Istanbul","","Istanbul","TR","34000","Istiklal Cd. No:100, Taksim","41.0365","28.9877","Taksim","Istanbul","","95000.00","90250.00","+213549591903","3","contact@honeytravelcheraga.com","tripAdvisor","4.0","100","https://honeytravelcheraga.com/b2c/istanbul/images/hotel_0044_7N.jpg","[""Exterior"", ""Facade""]","https://honeytravelcheraga.com/b2c/istanbul/images/default.jpg","[""Room"", ""Interior""]","","https://honeytravelcheraga.com/b2c/istanbul/booking?id=HT0044_7N"
"HT0045_4N","GOLDEN AGE HOTEL - 4 Nuits","Golden Age Hotel 4 etoiles Taksim avec theme retro glamour. Chambres avec touches dorees et mobilier Art Deco. Rooftop restaurant avec vue sur la ville, service cocktail lounge.","Honey Travel Cheraga","Istiklal Cd. No:100, Taksim","Istanbul","","Istanbul","TR","34000","Istiklal Cd. No:100, Taksim","41.0365","28.9877","Taksim","Istanbul","","65000.00","61750.00","+213549591903","3","contact@honeytravelcheraga.com","tripAdvisor","4.0","100","https://honeytravelcheraga.com/b2c/istanbul/images/hotel_0045_4N.jpg","[""Exterior"", ""Facade""]","https://honeytravelcheraga.com/b2c/istanbul/images/default.jpg","[""Room"", ""Interior""]","","https://honeytravelcheraga.com/b2c/istanbul/booking?id=HT0045_4N"
"HT0045_6N","GOLDEN AGE HOTEL - 6 Nuits","6 nuits au Golden Age Hotel 4 etoiles pour voyageurs nostalgiques. À proximite du musee militaire et de la caserne de Harbiye. Chambres avec baignoire, articles de toilette luxueux.","Honey Travel Cheraga","Cumhuriyet Cd. No:30, Harbiye","Istanbul","","Istanbul","TR","34000","Cumhuriyet Cd. No:30, Harbiye","41.0451","28.9922","Harbiye","Istanbul","","85000.00","80750.00","+213549591903","3","contact@honeytravelcheraga.com","tripAdvisor","4.0","100","https://honeytravelcheraga.com/b2c/istanbul/images/hotel_0045_6N.jpg","[""Exterior"", ""Facade""]","https://honeytravelcheraga.com/b2c/istanbul/images/default.jpg","[""Room"", ""Interior""]","","https://honeytravelcheraga.com/b2c/istanbul/booking?id=HT0045_6N"
"HT0045_7N","GOLDEN AGE HOTEL - 7 Nuits","Semaine au Golden Age Hotel 4 etoiles Taksim. Ambiance annees dorees d'Istanbul avec confort moderne. Proche centres culturels Ataturk et opera. Service blanchisserie et pressing.","Honey Travel Cheraga","Istiklal Cd. No:100, Taksim","Istanbul","","Istanbul","TR","34000","Istiklal Cd. No:100, Taksim","41.0365","28.9877","Taksim","Istanbul","","97500.00","92625.00","+213549591903","3","contact@honeytravelcheraga.com","tripAdvisor","4.0","100","https://honeytravelcheraga.com/b2c/istanbul/images/hotel_0045_7N.jpg","[""Exterior"", ""Facade""]","https://honeytravelcheraga.com/b2c/istanbul/images/default.jpg","[""Room"", ""Interior""]","","https://honeytravelcheraga.com/b2c/istanbul/booking?id=HT0045_7N"
"HT0046_4N","ICON HOTEL - 4 Nuits","Icon Hotel 4 etoiles dans le quartier branche de Harbiye, entre Taksim et Nisantasi. Design epure et moderne. Proche musees militaire et de la revolution, parc Gezi pour jogging.","Honey Travel Cheraga","Istiklal Cd. No:100, Taksim","Istanbul","","Istanbul","TR","34000","Istiklal Cd. No:100, Taksim","41.0365","28.9877","Taksim","Istanbul","","42500.00","40375.00","+213549591903","3","contact@honeytravelcheraga.com","tripAdvisor","4.0","100","https://honeytravelcheraga.com/b2c/istanbul/images/hotel_0046_4N.jpg","[""Exterior"", ""Facade""]","https://honeytravelcheraga.com/b2c/istanbul/images/default.jpg","[""Room"", ""Interior""]","","https://honeytravelcheraga.com/b2c/istanbul/booking?id=HT0046_4N"
"HT0046_6N","ICON HOTEL - 6 Nuits","6 nuits au Icon Hotel 4 etoiles Harbiye. Quartier residentiel chic avec boutiques locales et cafes artistiques. Chambres avec smart TV, connexion ultra-rapide, cafe premium.","Honey Travel Cheraga","Cumhuriyet Cd. No:30, Harbiye","Istanbul","","Istanbul","TR","34000","Cumhuriyet Cd. No:30, Harbiye","41.0451","28.9922","Harbiye","Istanbul","","58750.00","55812.00","+213549591903","3","contact@honeytravelcheraga.com","tripAdvisor","4.0","100","https://honeytravelcheraga.com/b2c/istanbul/images/hotel_0046_6N.jpg","[""Exterior"", ""Facade""]","https://honeytravelcheraga.com/b2c/istanbul/images/default.jpg","[""Room"", ""Interior""]","","https://honeytravelcheraga.com/b2c/istanbul/booking?id=HT0046_6N"
"HT0046_7N","ICON HOTEL - 7 Nuits","Semaine au Icon Hotel 4 etoiles. Emplacement tranquille a Harbiye tout en etant proche de l'effervescence de Taksim (15 min a pied). Service conciergerie pour recommandations locales.","Honey Travel Cheraga","Istiklal Cd. No:100, Taksim","Istanbul","","Istanbul","TR","34000","Istiklal Cd. No:100, Taksim","41.0365","28.9877","Taksim","Istanbul","","67500.00","64125.00","+213549591903","3","contact@honeytravelcheraga.com","tripAdvisor","4.0","100","https://honeytravelcheraga.com/b2c/istanbul/images/hotel_0046_7N.jpg","[""Exterior"", ""Facade""]","https://honeytravelcheraga.com/b2c/istanbul/images/default.jpg","[""Room"", ""Interior""]","","https://honeytravelcheraga.com/b2c/istanbul/booking?id=HT0046_7N"
"HT0047_4N","HOTEL LE MIRAG - 4 Nuits","Hotel Le Mirage 4 etoiles a Sisli, quartier des affaires moderne. Chambres elegantes pres du centre commercial Cevahir. Ideal pour shopping et affaires, proche metro Osmanbey.","Honey Travel Cheraga","Halaskargazi Cd. No:50, Sisli","Istanbul","","Istanbul","TR","34000","Halaskargazi Cd. No:50, Sisli","41.0605","28.9872","Sisli","Istanbul","","41250.00","39187.00","+213549591903","3","contact@honeytravelcheraga.com","tripAdvisor","4.0","100","https://honeytravelcheraga.com/b2c/istanbul/images/hotel_0047_4N.jpg","[""Exterior"", ""Facade""]","https://honeytravelcheraga.com/b2c/istanbul/images/default.jpg","[""Room"", ""Interior""]","","https://honeytravelcheraga.com/b2c/istanbul/booking?id=HT0047_4N"
"HT0047_6N","HOTEL LE MIRAG - 6 Nuits","6 nuits au Le Mirage Hotel 4 etoiles Sisli. Centre d'affaires avec salles de reunion, centre fitness. À 5 min a pied de la rue shopping Abdi Ipekci (luxury brands). Service secretariat.","Honey Travel Cheraga","Halaskargazi Cd. No:50, Sisli","Istanbul","","Istanbul","TR","34000","Halaskargazi Cd. No:50, Sisli","41.0605","28.9872","Sisli","Istanbul","","55000.00","52250.00","+213549591903","3","contact@honeytravelcheraga.com","tripAdvisor","4.0","100","https://honeytravelcheraga.com/b2c/istanbul/images/hotel_0047_6N.jpg","[""Exterior"", ""Facade""]","https://honeytravelcheraga.com/b2c/istanbul/images/default.jpg","[""Room"", ""Interior""]","","https://honeytravelcheraga.com/b2c/istanbul/booking?id=HT0047_6N"
"HT0047_7N","HOTEL LE MIRAG - 7 Nuits","Semaine au Le Mirage Hotel 4 etoiles dans le cosmopolite quartier de Sisli. Proche stade de football et centre congres Lutfi Kirdar. Chambres business avec bureau et fax.","Honey Travel Cheraga","Halaskargazi Cd. No:50, Sisli","Istanbul","","Istanbul","TR","34000","Halaskargazi Cd. No:50, Sisli","41.0605","28.9872","Sisli","Istanbul","","62500.00","59375.00","+213549591903","3","contact@honeytravelcheraga.com","tripAdvisor","4.0","100","https://honeytravelcheraga.com/b2c/istanbul/images/hotel_0047_7N.jpg","[""Exterior"", ""Facade""]","https://honeytravelcheraga.com/b2c/istanbul/images/default.jpg","[""Room"", ""Interior""]","","https://honeytravelcheraga.com/b2c/istanbul/booking?id=HT0047_7N"
"HT0048_4N","FOUR SIDES HOTEL - 4 Nuits","Four Sides Hotel 4 etoiles a Sisli avec concept architectural moderne quatre facades. Chambres avec vue sur les quatre coins d'Istanbul. Centre fitness, restaurant avec cuisine fusion.","Honey Travel Cheraga","Halaskargazi Cd. No:50, Sisli","Istanbul","","Istanbul","TR","34000","Halaskargazi Cd. No:50, Sisli","41.0605","28.9872","Sisli","Istanbul","","41250.00","39187.00","+213549591903","3","contact@honeytravelcheraga.com","tripAdvisor","4.0","100","https://honeytravelcheraga.com/b2c/istanbul/images/hotel_0048_4N.jpg","[""Exterior"", ""Facade""]","https://honeytravelcheraga.com/b2c/istanbul/images/default.jpg","[""Room"", ""Interior""]","","https://honeytravelcheraga.com/b2c/istanbul/booking?id=HT0048_4N"
"HT0048_6N","FOUR SIDES HOTEL - 6 Nuits","6 nuits au Four Sides Hotel 4 etoiles Sisli. Établissement design avec espaces communs lumineux. Proche quartier de Nisantasi pour shopping luxe et restaurants tendance.","Honey Travel Cheraga","Halaskargazi Cd. No:50, Sisli","Istanbul","","Istanbul","TR","34000","Halaskargazi Cd. No:50, Sisli","41.0605","28.9872","Sisli","Istanbul","","55000.00","52250.00","+213549591903","3","contact@honeytravelcheraga.com","tripAdvisor","4.0","100","https://honeytravelcheraga.com/b2c/istanbul/images/hotel_0048_6N.jpg","[""Exterior"", ""Facade""]","https://honeytravelcheraga.com/b2c/istanbul/images/default.jpg","[""Room"", ""Interior""]","","https://honeytravelcheraga.com/b2c/istanbul/booking?id=HT0048_6N"
"HT0048_7N","FOUR SIDES HOTEL - 7 Nuits","Semaine au Four Sides Hotel 4 etoiles. Emplacement strategique a Sisli pour affaires et loisirs. Acces rapide a Taksim via metro, proche hopitaux americain et allemand.","Honey Travel Cheraga","Istiklal Cd. No:100, Taksim","Istanbul","","Istanbul","TR","34000","Istiklal Cd. No:100, Taksim","41.0365","28.9877","Taksim","Istanbul","","62500.00","59375.00","+213549591903","3","contact@honeytravelcheraga.com","tripAdvisor","4.0","100","https://honeytravelcheraga.com/b2c/istanbul/images/hotel_0048_7N.jpg","[""Exterior"", ""Facade""]","https://honeytravelcheraga.com/b2c/istanbul/images/default.jpg","[""Room"", ""Interior""]","","https://honeytravelcheraga.com/b2c/istanbul/booking?id=HT0048_7N"
"HT0049_4N","MAREPARK HOTEL - 4 Nuits","Marepark Hotel 4 etoiles Sisli avec vue sur la mer Marmara possible depuis etages superieurs. Chambres contemporaines, restaurant avec fruits de mer frais. Proche parc Macka pour promenades.","Honey Travel Cheraga","Halaskargazi Cd. No:50, Sisli","Istanbul","","Istanbul","TR","34000","Halaskargazi Cd. No:50, Sisli","41.0605","28.9872","Sisli","Istanbul","","42500.00","40375.00","+213549591903","3","contact@honeytravelcheraga.com","tripAdvisor","4.0","100","https://honeytravelcheraga.com/b2c/istanbul/images/hotel_0049_4N.jpg","[""Exterior"", ""Facade""]","https://honeytravelcheraga.com/b2c/istanbul/images/default.jpg","[""Room"", ""Interior""]","","https://honeytravelcheraga.com/b2c/istanbul/booking?id=HT0049_4N"
"HT0049_6N","MAREPARK HOTEL - 6 Nuits","6 nuits au Marepark Hotel 4 etoiles. Établissement avec spa et centre bien-être complet. À proximite du centre commercial Trump Towers et metro Sisli. Service parking voiturier.","Honey Travel Cheraga","Halaskargazi Cd. No:50, Sisli","Istanbul","","Istanbul","TR","34000","Halaskargazi Cd. No:50, Sisli","41.0605","28.9872","Sisli","Istanbul","","58750.00","55812.00","+213549591903","3","contact@honeytravelcheraga.com","tripAdvisor","4.0","100","https://honeytravelcheraga.com/b2c/istanbul/images/hotel_0049_6N.jpg","[""Exterior"", ""Facade""]","https://honeytravelcheraga.com/b2c/istanbul/images/default.jpg","[""Room"", ""Interior""]","","https://honeytravelcheraga.com/b2c/istanbul/booking?id=HT0049_6N"
"HT0049_7N","MAREPARK HOTEL - 7 Nuits","Semaine au Marepark Hotel 4 etoiles Sisli. Quartier residentiel elegant avec acces facile au Bosphore. Chambres avec balcon, petit-dejeuner buffet avec vue panoramique.","Honey Travel Cheraga","Halaskargazi Cd. No:50, Sisli","Istanbul","","Istanbul","TR","34000","Halaskargazi Cd. No:50, Sisli","41.0605","28.9872","Sisli","Istanbul","","67500.00","64125.00","+213549591903","3","contact@honeytravelcheraga.com","tripAdvisor","4.0","100","https://honeytravelcheraga.com/b2c/istanbul/images/hotel_0049_7N.jpg","[""Exterior"", ""Facade""]","https://honeytravelcheraga.com/b2c/istanbul/images/default.jpg","[""Room"", ""Interior""]","","https://honeytravelcheraga.com/b2c/istanbul/booking?id=HT0049_7N"
"HT0050_4N","JAFF HOTEL - 4 Nuits","Jaff Hotel 4 etoiles a Sisli avec influences architecturales du Moyen-Orient. Chambres decorees avec soin, service personnalise. Proche de la rue Bagdat pour shopping de luxe.","Honey Travel Cheraga","Halaskargazi Cd. No:50, Sisli","Istanbul","","Istanbul","TR","34000","Halaskargazi Cd. No:50, Sisli","41.0605","28.9872","Sisli","Istanbul","","48750.00","46312.00","+213549591903","3","contact@honeytravelcheraga.com","tripAdvisor","4.0","100","https://honeytravelcheraga.com/b2c/istanbul/images/hotel_0050_4N.jpg","[""Exterior"", ""Facade""]","https://honeytravelcheraga.com/b2c/istanbul/images/default.jpg","[""Room"", ""Interior""]","","https://honeytravelcheraga.com/b2c/istanbul/booking?id=HT0050_4N"
"HT0050_6N","JAFF HOTEL - 6 Nuits","6 nuits au Jaff Hotel 4 etoiles Sisli. Établissement boutique avec charme unique. À 10 min a pied du stade de Besiktas et du palais Dolmabahce. Service de location de voitures.","Honey Travel Cheraga","Halaskargazi Cd. No:50, Sisli","Istanbul","","Istanbul","TR","34000","Halaskargazi Cd. No:50, Sisli","41.0605","28.9872","Sisli","Istanbul","","63750.00","60562.00","+213549591903","3","contact@honeytravelcheraga.com","tripAdvisor","4.0","100","https://honeytravelcheraga.com/b2c/istanbul/images/hotel_0050_6N.jpg","[""Exterior"", ""Facade""]","https://honeytravelcheraga.com/b2c/istanbul/images/default.jpg","[""Room"", ""Interior""]","","https://honeytravelcheraga.com/b2c/istanbul/booking?id=HT0050_6N"
"HT0050_7N","JAFF HOTEL - 7 Nuits","Semaine au Jaff Hotel 4 etoiles. Ambiance feutree dans le quartier prise de Sisli. Proche de la tour de l'horloge et du centre commercial Canyon. Restaurant avec cuisine mediterraneenne.","Honey Travel Cheraga","Halaskargazi Cd. No:50, Sisli","Istanbul","","Istanbul","TR","34000","Halaskargazi Cd. No:50, Sisli","41.0605","28.9872","Sisli","Istanbul","","72500.00","68875.00","+213549591903","3","contact@honeytravelcheraga.com","tripAdvisor","4.0","100","https://honeytravelcheraga.com/b2c/istanbul/images/hotel_0050_7N.jpg","[""Exterior"", ""Facade""]","https://honeytravelcheraga.com/b2c/istanbul/images/default.jpg","[""Room"", ""Interior""]","","https://honeytravelcheraga.com/b2c/istanbul/booking?id=HT0050_7N"
"HT0051_4N","HALIFAKS HOTEL - 4 Nuits","Halifaks Hotel 4 etoiles Sisli avec style inspire de l'architecture britannique. Chambres avec mobilier classique, bibliotheque et salon de the. Service afternoon tea, proche quartier diplomatique.","Honey Travel Cheraga","Halaskargazi Cd. No:50, Sisli","Istanbul","","Istanbul","TR","34000","Halaskargazi Cd. No:50, Sisli","41.0605","28.9872","Sisli","Istanbul","","51250.00","48687.00","+213549591903","3","contact@honeytravelcheraga.com","tripAdvisor","4.0","100","https://honeytravelcheraga.com/b2c/istanbul/images/hotel_0051_4N.jpg","[""Exterior"", ""Facade""]","https://honeytravelcheraga.com/b2c/istanbul/images/default.jpg","[""Room"", ""Interior""]","","https://honeytravelcheraga.com/b2c/istanbul/booking?id=HT0051_4N"
"HT0051_6N","HALIFAKS HOTEL - 6 Nuits","6 nuits au Halifaks Hotel 4 etoiles pour ambiance 'old England' a Istanbul. Quartier de Sisli avec parcs verdoyants a proximite. Chambres avec baignoire pieds griffes, cheminee decorative.","Honey Travel Cheraga","Halaskargazi Cd. No:50, Sisli","Istanbul","","Istanbul","TR","34000","Halaskargazi Cd. No:50, Sisli","41.0605","28.9872","Sisli","Istanbul","","67500.00","64125.00","+213549591903","3","contact@honeytravelcheraga.com","tripAdvisor","4.0","100","https://honeytravelcheraga.com/b2c/istanbul/images/hotel_0051_6N.jpg","[""Exterior"", ""Facade""]","https://honeytravelcheraga.com/b2c/istanbul/images/default.jpg","[""Room"", ""Interior""]","","https://honeytravelcheraga.com/b2c/istanbul/booking?id=HT0051_6N"
"HT0051_7N","HALIFAKS HOTEL - 7 Nuits","Semaine au Halifaks Hotel 4 etoiles Sisli. Experience coloniale britannique revisitee avec confort moderne. Proche de l'avenue Buyukdere pour quartier des affaires Maslak. Service concierge dedie.","Honey Travel Cheraga","Halaskargazi Cd. No:50, Sisli","Istanbul","","Istanbul","TR","34000","Halaskargazi Cd. No:50, Sisli","41.0605","28.9872","Sisli","Istanbul","","77500.00","73625.00","+213549591903","3","contact@honeytravelcheraga.com","tripAdvisor","4.0","100","https://honeytravelcheraga.com/b2c/istanbul/images/hotel_0051_7N.jpg","[""Exterior"", ""Facade""]","https://honeytravelcheraga.com/b2c/istanbul/images/default.jpg","[""Room"", ""Interior""]","","https://honeytravelcheraga.com/b2c/istanbul/booking?id=HT0051_7N"
"HT0052_4N","BUKE HOTEL - 4 Nuits","Buke Hotel 4 etoiles a Sisli avec concept ecologique et design durable. Chambres avec materiaux naturels, vue sur jardin interieur. Restaurant bio, service velo gratuit pour explorer la ville.","Honey Travel Cheraga","Halaskargazi Cd. No:50, Sisli","Istanbul","","Istanbul","TR","34000","Halaskargazi Cd. No:50, Sisli","41.0605","28.9872","Sisli","Istanbul","","51250.00","48687.00","+213549591903","3","contact@honeytravelcheraga.com","tripAdvisor","4.0","100","https://honeytravelcheraga.com/b2c/istanbul/images/hotel_0052_4N.jpg","[""Exterior"", ""Facade""]","https://honeytravelcheraga.com/b2c/istanbul/images/default.jpg","[""Room"", ""Interior""]","","https://honeytravelcheraga.com/b2c/istanbul/booking?id=HT0052_4N"
"HT0052_6N","BUKE HOTEL - 6 Nuits","6 nuits au Buke Hotel 4 etoiles eco-responsable a Sisli. Établissement vert avec panneaux solaires, recuperation eau de pluie. Chambres hypoallergeniques, literie bio. Proche parc Macka.","Honey Travel Cheraga","Halaskargazi Cd. No:50, Sisli","Istanbul","","Istanbul","TR","34000","Halaskargazi Cd. No:50, Sisli","41.0605","28.9872","Sisli","Istanbul","","70000.00","66500.00","+213549591903","3","contact@honeytravelcheraga.com","tripAdvisor","4.0","100","https://honeytravelcheraga.com/b2c/istanbul/images/hotel_0052_6N.jpg","[""Exterior"", ""Facade""]","https://honeytravelcheraga.com/b2c/istanbul/images/default.jpg","[""Room"", ""Interior""]","","https://honeytravelcheraga.com/b2c/istanbul/booking?id=HT0052_6N"
"HT0052_7N","BUKE HOTEL - 7 Nuits","Semaine ecologique au Buke Hotel 4 etoiles Sisli. Engagement environnemental avec produits locaux au restaurant. Acces facile au metro et bus electriques. Chambres avec purification d'air.","Honey Travel Cheraga","Halaskargazi Cd. No:50, Sisli","Istanbul","","Istanbul","TR","34000","Halaskargazi Cd. No:50, Sisli","41.0605","28.9872","Sisli","Istanbul","","80000.00","76000.00","+213549591903","3","contact@honeytravelcheraga.com","tripAdvisor","4.0","100","https://honeytravelcheraga.com/b2c/istanbul/images/hotel_0052_7N.jpg","[""Exterior"", ""Facade""]","https://honeytravelcheraga.com/b2c/istanbul/images/default.jpg","[""Room"", ""Interior""]","","https://honeytravelcheraga.com/b2c/istanbul/booking?id=HT0052_7N"
"HT0053_4N","MERCURE BOMONTI - 4 Nuits","Mercure Istanbul Bomonti 4 etoiles, chaine internationale Accor. Dans le quartier trendy de Bomonti avec ancienne brasserie renovee en espace culturel. Chambres standards Mercure avec qualite garantie.","Honey Travel Cheraga","Sisli Cd. No:45, Bomonti","Istanbul","","Istanbul","TR","34000","Sisli Cd. No:45, Bomonti","41.0505","28.9789","Bomonti","Istanbul","","51250.00","48687.00","+213549591903","3","contact@honeytravelcheraga.com","tripAdvisor","4.0","100","https://honeytravelcheraga.com/b2c/istanbul/images/hotel_0053_4N.jpg","[""Exterior"", ""Facade""]","https://honeytravelcheraga.com/b2c/istanbul/images/default.jpg","[""Room"", ""Interior""]","","https://honeytravelcheraga.com/b2c/istanbul/booking?id=HT0053_4N"
"HT0053_6N","MERCURE BOMONTI - 6 Nuits","6 nuits au Mercure Bomonti 4 etoiles avec standards internationaux. Proche de la brasserie Bomontiada pour concerts et evenements culturels. Centre fitness, restaurant avec cuisine locale.","Honey Travel Cheraga","Sisli Cd. No:45, Bomonti","Istanbul","","Istanbul","TR","34000","Sisli Cd. No:45, Bomonti","41.0505","28.9789","Bomonti","Istanbul","","70000.00","66500.00","+213549591903","3","contact@honeytravelcheraga.com","tripAdvisor","4.0","100","https://honeytravelcheraga.com/b2c/istanbul/images/hotel_0053_6N.jpg","[""Exterior"", ""Facade""]","https://honeytravelcheraga.com/b2c/istanbul/images/default.jpg","[""Room"", ""Interior""]","","https://honeytravelcheraga.com/b2c/istanbul/booking?id=HT0053_6N"
"HT0053_7N","MERCURE BOMONTI - 7 Nuits","Semaine au Mercure Istanbul Bomonti 4 etoiles. Quartier emergent avec rooftop bars et restaurants tendance. Acces facile a Taksim et au pont Bosphore. Service fidelite Accor disponible.","Honey Travel Cheraga","Sisli Cd. No:45, Bomonti","Istanbul","","Istanbul","TR","34000","Sisli Cd. No:45, Bomonti","41.0505","28.9789","Bomonti","Istanbul","","80000.00","76000.00","+213549591903","3","contact@honeytravelcheraga.com","tripAdvisor","4.0","100","https://honeytravelcheraga.com/b2c/istanbul/images/hotel_0053_7N.jpg","[""Exterior"", ""Facade""]","https://honeytravelcheraga.com/b2c/istanbul/images/default.jpg","[""Room"", ""Interior""]","","https://honeytravelcheraga.com/b2c/istanbul/booking?id=HT0053_7N"
"HT0054_4N","CHER HOTEL & SPA - 4 Nuits","Cher Hotel & Spa 4 etoiles a Harbiye avec centre bien-être complet. Hammam turc, sauna, massages relaxants. Chambres avec decor elegant, proche de la rue des pubs de Taksim.","Honey Travel Cheraga","Istiklal Cd. No:100, Taksim","Istanbul","","Istanbul","TR","34000","Istiklal Cd. No:100, Taksim","41.0365","28.9877","Taksim","Istanbul","","51250.00","48687.00","+213549591903","3","contact@honeytravelcheraga.com","tripAdvisor","4.0","100","https://honeytravelcheraga.com/b2c/istanbul/images/hotel_0054_4N.jpg","[""Exterior"", ""Facade""]","https://honeytravelcheraga.com/b2c/istanbul/images/default.jpg","[""Room"", ""Interior""]","","https://honeytravelcheraga.com/b2c/istanbul/booking?id=HT0054_4N"
"HT0054_6N","CHER HOTEL & SPA - 6 Nuits","6 nuits de detente au Cher Hotel & Spa 4 etoiles. Forfait spa inclus avec acces hammam et bain a remous. Quartier Harbiye calme a 12 min a pied de Taksim. Service therapies wellness.","Honey Travel Cheraga","Istiklal Cd. No:100, Taksim","Istanbul","","Istanbul","TR","34000","Istiklal Cd. No:100, Taksim","41.0365","28.9877","Taksim","Istanbul","","70000.00","66500.00","+213549591903","3","contact@honeytravelcheraga.com","tripAdvisor","4.0","100","https://honeytravelcheraga.com/b2c/istanbul/images/hotel_0054_6N.jpg","[""Exterior"", ""Facade""]","https://honeytravelcheraga.com/b2c/istanbul/images/default.jpg","[""Room"", ""Interior""]","","https://honeytravelcheraga.com/b2c/istanbul/booking?id=HT0054_6N"
"HT0054_7N","CHER HOTEL & SPA - 7 Nuits","Semaine bien-être au Cher Hotel & Spa 4 etoiles Harbiye. Package detente complet avec massages quotidiens. Chambres avec vue cour interieure jardinee, restaurant dietetique disponible.","Honey Travel Cheraga","Cumhuriyet Cd. No:30, Harbiye","Istanbul","","Istanbul","TR","34000","Cumhuriyet Cd. No:30, Harbiye","41.0451","28.9922","Harbiye","Istanbul","","80000.00","76000.00","+213549591903","3","contact@honeytravelcheraga.com","tripAdvisor","4.0","100","https://honeytravelcheraga.com/b2c/istanbul/images/hotel_0054_7N.jpg","[""Exterior"", ""Facade""]","https://honeytravelcheraga.com/b2c/istanbul/images/default.jpg","[""Room"", ""Interior""]","","https://honeytravelcheraga.com/b2c/istanbul/booking?id=HT0054_7N"
"HT0055_4N","CROWN PLAZA ISTANBUL HARBIYE BY IHG - 4 Nuits","Crowne Plaza Istanbul Harbiye 4 etoiles, chaine internationale IHG. Business hotel avec centre congress complet, salles de reunion equipees. Chambres executives avec acces salon Club.","Honey Travel Cheraga","Cumhuriyet Cd. No:30, Harbiye","Istanbul","","Istanbul","TR","34000","Cumhuriyet Cd. No:30, Harbiye","41.0451","28.9922","Harbiye","Istanbul","","51250.00","48687.00","+213549591903","3","contact@honeytravelcheraga.com","tripAdvisor","4.0","100","https://honeytravelcheraga.com/b2c/istanbul/images/hotel_0055_4N.jpg","[""Exterior"", ""Facade""]","https://honeytravelcheraga.com/b2c/istanbul/images/default.jpg","[""Room"", ""Interior""]","","https://honeytravelcheraga.com/b2c/istanbul/booking?id=HT0055_4N"
"HT0055_6N","CROWN PLAZA ISTANBUL HARBIYE BY IHG - 6 Nuits","6 nuits au Crowne Plaza Harbiye 4 etoiles pour voyageurs affaires exigeants. Salle de sport 24h/24, restaurant avec cuisine internationale. Proche du centre de conventions Istanbul Congress Center.","Honey Travel Cheraga","Cumhuriyet Cd. No:30, Harbiye","Istanbul","","Istanbul","TR","34000","Cumhuriyet Cd. No:30, Harbiye","41.0451","28.9922","Harbiye","Istanbul","","70000.00","66500.00","+213549591903","3","contact@honeytravelcheraga.com","tripAdvisor","4.0","100","https://honeytravelcheraga.com/b2c/istanbul/images/hotel_0055_6N.jpg","[""Exterior"", ""Facade""]","https://honeytravelcheraga.com/b2c/istanbul/images/default.jpg","[""Room"", ""Interior""]","","https://honeytravelcheraga.com/b2c/istanbul/booking?id=HT0055_6N"
"HT0055_7N","CROWN PLAZA ISTANBUL HARBIYE BY IHG - 7 Nuits","Semaine au Crowne Plaza Harbiye 4 etoiles avec service professionnel IHG. Programme fidelite Rewards, navette vers aeroport disponible. Quartier Harbiye proche de Nisantasi pour shopping luxe.","Honey Travel Cheraga","Cumhuriyet Cd. No:30, Harbiye","Istanbul","","Istanbul","TR","34000","Cumhuriyet Cd. No:30, Harbiye","41.0451","28.9922","Harbiye","Istanbul","","80000.00","76000.00","+213549591903","3","contact@honeytravelcheraga.com","tripAdvisor","4.0","100","https://honeytravelcheraga.com/b2c/istanbul/images/hotel_0055_7N.jpg","[""Exterior"", ""Facade""]","https://honeytravelcheraga.com/b2c/istanbul/images/default.jpg","[""Room"", ""Interior""]","","https://honeytravelcheraga.com/b2c/istanbul/booking?id=HT0055_7N"
"HT0056_4N","HOLIDAY INN HOTEL BY IHG - 4 Nuits","Holiday Inn Istanbul Topkapi 5 etoiles, haut de gamme de la chaine IHG. Piscine interieure, centre fitness equipe, spa avec hammam. Chambres familiales spacieuses, restaurant avec aire de jeux.","Honey Travel Cheraga","Topkapi Cd. No:18, Topkapi","Istanbul","","Istanbul","TR","34000","Topkapi Cd. No:18, Topkapi","41.0139","28.9200","Topkapi","Istanbul","","51250.00","48687.00","+213549591903","3","contact@honeytravelcheraga.com","tripAdvisor","4.0","100","https://honeytravelcheraga.com/b2c/istanbul/images/hotel_0056_4N.jpg","[""Exterior"", ""Facade""]","https://honeytravelcheraga.com/b2c/istanbul/images/default.jpg","[""Room"", ""Interior""]","","https://honeytravelcheraga.com/b2c/istanbul/booking?id=HT0056_4N"
"HT0056_6N","HOLIDAY INN HOTEL BY IHG - 6 Nuits","6 nuits au Holiday Inn Topkapi 5 etoiles avec standards internationaux eleves. Proche de la porte de Topkapi et des remparts historiques. Service enfants gratuit, restaurant avec menu kids.","Honey Travel Cheraga","Topkapi Cd. No:18, Topkapi","Istanbul","","Istanbul","TR","34000","Topkapi Cd. No:18, Topkapi","41.0139","28.9200","Topkapi","Istanbul","","70000.00","66500.00","+213549591903","3","contact@honeytravelcheraga.com","tripAdvisor","4.0","100","https://honeytravelcheraga.com/b2c/istanbul/images/hotel_0056_6N.jpg","[""Exterior"", ""Facade""]","https://honeytravelcheraga.com/b2c/istanbul/images/default.jpg","[""Room"", ""Interior""]","","https://honeytravelcheraga.com/b2c/istanbul/booking?id=HT0056_6N"
"HT0056_7N","HOLIDAY INN HOTEL BY IHG - 7 Nuits","Semaine familiale au Holiday Inn Topkapi 5 etoiles. Piscine chauffee, club enfants avec animations, babysitting sur demande. Acces facile a Sultanahmet via tramway. Parking gratuit disponible.","Honey Travel Cheraga","Divan Yolu Cd. No:20, Sultanahmet","Istanbul","","Istanbul","TR","34000","Divan Yolu Cd. No:20, Sultanahmet","41.0054","28.9768","Sultanahmet","Istanbul","","80000.00","76000.00","+213549591903","3","contact@honeytravelcheraga.com","tripAdvisor","4.0","100","https://honeytravelcheraga.com/b2c/istanbul/images/hotel_0056_7N.jpg","[""Exterior"", ""Facade""]","https://honeytravelcheraga.com/b2c/istanbul/images/default.jpg","[""Room"", ""Interior""]","","https://honeytravelcheraga.com/b2c/istanbul/booking?id=HT0056_7N"
"HT0057_4N","ERESIN HOTELS - 4 Nuits","Eresin Hotels Topkapi 5 etoiles avec musee prive d'art ottoman dans le lobby. Chambres luxueuses avec decoration historique. Spa complet, restaurant gastronomique, service majordome.","Honey Travel Cheraga","Topkapi Cd. No:18, Topkapi","Istanbul","","Istanbul","TR","34000","Topkapi Cd. No:18, Topkapi","41.0139","28.9200","Topkapi","Istanbul","","55000.00","52250.00","+213549591903","3","contact@honeytravelcheraga.com","tripAdvisor","4.0","100","https://honeytravelcheraga.com/b2c/istanbul/images/hotel_0057_4N.jpg","[""Exterior"", ""Facade""]","https://honeytravelcheraga.com/b2c/istanbul/images/default.jpg","[""Room"", ""Interior""]","","https://honeytravelcheraga.com/b2c/istanbul/booking?id=HT0057_4N"
"HT0057_6N","ERESIN HOTELS - 6 Nuits","6 nuits luxueuses au Eresin Hotels 5 etoiles Topkapi. Collection privee d'antiquites byzantines et ottomanes exposees. Chambres avec vue sur la mer ou la vieille ville, service de limousine.","Honey Travel Cheraga","Topkapi Cd. No:18, Topkapi","Istanbul","","Istanbul","TR","34000","Topkapi Cd. No:18, Topkapi","41.0139","28.9200","Topkapi","Istanbul","","75000.00","71250.00","+213549591903","3","contact@honeytravelcheraga.com","tripAdvisor","4.0","100","https://honeytravelcheraga.com/b2c/istanbul/images/hotel_0057_6N.jpg","[""Exterior"", ""Facade""]","https://honeytravelcheraga.com/b2c/istanbul/images/default.jpg","[""Room"", ""Interior""]","","https://honeytravelcheraga.com/b2c/istanbul/booking?id=HT0057_6N"
"HT0057_7N","ERESIN HOTELS - 7 Nuits","Semaine culturelle au Eresin Hotels 5 etoiles avec acces musee prive inclus. Spa de luxe avec therapies traditionnelles, restaurant avec cuisine ottomane revisitee. Emplacement historique a Topkapi.","Honey Travel Cheraga","Topkapi Cd. No:18, Topkapi","Istanbul","","Istanbul","TR","34000","Topkapi Cd. No:18, Topkapi","41.0139","28.9200","Topkapi","Istanbul","","85000.00","80750.00","+213549591903","3","contact@honeytravelcheraga.com","tripAdvisor","4.0","100","https://honeytravelcheraga.com/b2c/istanbul/images/hotel_0057_7N.jpg","[""Exterior"", ""Facade""]","https://honeytravelcheraga.com/b2c/istanbul/images/default.jpg","[""Room"", ""Interior""]","","https://honeytravelcheraga.com/b2c/istanbul/booking?id=HT0057_7N"
"HT0058_4N","OTTOMANS LIFE DELUXE HOTEL - 4 Nuits","Ottomans Life Deluxe Hotel 4 etoiles a Findikzade avec experience ottomane immersive. Chambres decorees dans style palais avec domes et motifs traditionnels. Restaurant avec spectacles de derviches.","Honey Travel Cheraga","Adnan Menderes Blv. No:8, Findikzade","Istanbul","","Istanbul","TR","34000","Adnan Menderes Blv. No:8, Findikzade","41.0156","28.9389","Findikzade","Istanbul","","55000.00","52250.00","+213549591903","3","contact@honeytravelcheraga.com","tripAdvisor","4.0","100","https://honeytravelcheraga.com/b2c/istanbul/images/hotel_0058_4N.jpg","[""Exterior"", ""Facade""]","https://honeytravelcheraga.com/b2c/istanbul/images/default.jpg","[""Room"", ""Interior""]","","https://honeytravelcheraga.com/b2c/istanbul/booking?id=HT0058_4N"
"HT0058_6N","OTTOMANS LIFE DELUXE HOTEL - 6 Nuits","6 nuits au Ottomans Life Deluxe 4 etoiles pour plongee culturelle. Hammam traditionnel avec massage aux huiles ottomanes, cours de cuisine turque disponibles. Proche centre commercial Historia.","Honey Travel Cheraga","Istanbul Cd. No:1, Istanbul Center","Istanbul","","Istanbul","TR","34000","Istanbul Cd. No:1, Istanbul Center","41.0082","28.9784","Default","Istanbul","","76250.00","72437.00","+213549591903","3","contact@honeytravelcheraga.com","tripAdvisor","4.0","100","https://honeytravelcheraga.com/b2c/istanbul/images/hotel_0058_6N.jpg","[""Exterior"", ""Facade""]","https://honeytravelcheraga.com/b2c/istanbul/images/default.jpg","[""Room"", ""Interior""]","","https://honeytravelcheraga.com/b2c/istanbul/booking?id=HT0058_6N"
"HT0058_7N","OTTOMANS LIFE DELUXE HOTEL - 7 Nuits","Semaine imperiale au Ottomans Life Deluxe Hotel 4 etoiles Findikzade. Soirees a theme ottomanes avec musique traditionnelle, service de concubine/musiciens pour diners prives. Transferts en voiture ancienne.","Honey Travel Cheraga","Adnan Menderes Blv. No:8, Findikzade","Istanbul","","Istanbul","TR","34000","Adnan Menderes Blv. No:8, Findikzade","41.0156","28.9389","Findikzade","Istanbul","","86250.00","81937.00","+213549591903","3","contact@honeytravelcheraga.com","tripAdvisor","4.0","100","https://honeytravelcheraga.com/b2c/istanbul/images/hotel_0058_7N.jpg","[""Exterior"", ""Facade""]","https://honeytravelcheraga.com/b2c/istanbul/images/default.jpg","[""Room"", ""Interior""]","","https://honeytravelcheraga.com/b2c/istanbul/booking?id=HT0058_7N"
"HT0059_4N","WISHMORE HOTEL - 4 Nuits","Wishmore Hotel 4 etoiles a Bayrampasa, quartier en developpement proche du centre d'exposition CNR. Chambres modernes avec vue sur la ville, centre fitness. Proche metro pour acces centre-ville.","Honey Travel Cheraga","Topkapi Cd. No:12, Bayrampasa","Istanbul","","Istanbul","TR","34000","Topkapi Cd. No:12, Bayrampasa","41.0341","28.9106","Bayrampasa","Istanbul","","51250.00","48687.00","+213549591903","3","contact@honeytravelcheraga.com","tripAdvisor","4.0","100","https://honeytravelcheraga.com/b2c/istanbul/images/hotel_0059_4N.jpg","[""Exterior"", ""Facade""]","https://honeytravelcheraga.com/b2c/istanbul/images/default.jpg","[""Room"", ""Interior""]","","https://honeytravelcheraga.com/b2c/istanbul/booking?id=HT0059_4N"
"HT0059_6N","WISHMORE HOTEL - 6 Nuits","6 nuits au Wishmore Hotel 4 etoiles Bayrampasa pour voyageurs affaires. Centre conventions a proximite, salle de reunion disponible. Quartier emergent avec nouveaux centres commerciaux.","Honey Travel Cheraga","Topkapi Cd. No:12, Bayrampasa","Istanbul","","Istanbul","TR","34000","Topkapi Cd. No:12, Bayrampasa","41.0341","28.9106","Bayrampasa","Istanbul","","67500.00","64125.00","+213549591903","3","contact@honeytravelcheraga.com","tripAdvisor","4.0","100","https://honeytravelcheraga.com/b2c/istanbul/images/hotel_0059_6N.jpg","[""Exterior"", ""Facade""]","https://honeytravelcheraga.com/b2c/istanbul/images/default.jpg","[""Room"", ""Interior""]","","https://honeytravelcheraga.com/b2c/istanbul/booking?id=HT0059_6N"
"HT0059_7N","WISHMORE HOTEL - 7 Nuits","Semaine au Wishmore Hotel 4 etoiles. Localisation pratique pour foires commerciales au CNR Expo. Service navette vers centre-ville, chambres business avec bureau et fax. Restaurant international.","Honey Travel Cheraga","Istanbul Cd. No:1, Istanbul Center","Istanbul","","Istanbul","TR","34000","Istanbul Cd. No:1, Istanbul Center","41.0082","28.9784","Default","Istanbul","","77500.00","73625.00","+213549591903","3","contact@honeytravelcheraga.com","tripAdvisor","4.0","100","https://honeytravelcheraga.com/b2c/istanbul/images/hotel_0059_7N.jpg","[""Exterior"", ""Facade""]","https://honeytravelcheraga.com/b2c/istanbul/images/default.jpg","[""Room"", ""Interior""]","","https://honeytravelcheraga.com/b2c/istanbul/booking?id=HT0059_7N"
"HT0060_4N","LIONEL HOTEL ISTANBUL - 4 Nuits","Lionel Hotel Istanbul 4 etoiles a Bayrampasa avec architecture moderne audacieuse. Chambres avec balcon prive, mini-jardin sur certaines suites. Proche du stade olympique et parc de foires.","Honey Travel Cheraga","Topkapi Cd. No:12, Bayrampasa","Istanbul","","Istanbul","TR","34000","Topkapi Cd. No:12, Bayrampasa","41.0341","28.9106","Bayrampasa","Istanbul","","51250.00","48687.00","+213549591903","3","contact@honeytravelcheraga.com","tripAdvisor","4.0","100","https://honeytravelcheraga.com/b2c/istanbul/images/hotel_0060_4N.jpg","[""Exterior"", ""Facade""]","https://honeytravelcheraga.com/b2c/istanbul/images/default.jpg","[""Room"", ""Interior""]","","https://honeytravelcheraga.com/b2c/istanbul/booking?id=HT0060_4N"
"HT0060_6N","LIONEL HOTEL ISTANBUL - 6 Nuits","6 nuits au Lionel Hotel 4 etoiles pour evenements sportifs et concerts au stade olympique. Service de billetterie, navette evenementielle. Chambres avec systeme home cinema, kitchenette.","Honey Travel Cheraga","Istanbul Cd. No:1, Istanbul Center","Istanbul","","Istanbul","TR","34000","Istanbul Cd. No:1, Istanbul Center","41.0082","28.9784","Default","Istanbul","","70000.00","66500.00","+213549591903","3","contact@honeytravelcheraga.com","tripAdvisor","4.0","100","https://honeytravelcheraga.com/b2c/istanbul/images/hotel_0060_6N.jpg","[""Exterior"", ""Facade""]","https://honeytravelcheraga.com/b2c/istanbul/images/default.jpg","[""Room"", ""Interior""]","","https://honeytravelcheraga.com/b2c/istanbul/booking?id=HT0060_6N"
"HT0060_7N","LIONEL HOTEL ISTANBUL - 7 Nuits","Semaine au Lionel Hotel Istanbul 4 etoiles Bayrampasa. Établissement familial avec suites spacieuses, aire de jeux interieure. Proche centres commerciaux Forum Istanbul et Vialand (parc d'attractions).","Honey Travel Cheraga","Topkapi Cd. No:12, Bayrampasa","Istanbul","","Istanbul","TR","34000","Topkapi Cd. No:12, Bayrampasa","41.0341","28.9106","Bayrampasa","Istanbul","","80000.00","76000.00","+213549591903","3","contact@honeytravelcheraga.com","tripAdvisor","4.0","100","https://honeytravelcheraga.com/b2c/istanbul/images/hotel_0060_7N.jpg","[""Exterior"", ""Facade""]","https://honeytravelcheraga.com/b2c/istanbul/images/default.jpg","[""Room"", ""Interior""]","","https://honeytravelcheraga.com/b2c/istanbul/booking?id=HT0060_7N"
"HT0061_4N","WINDSOR HOTEL & CONVENTION CENTER - 4 Nuits","Windsor Hotel & Convention Center 4 etoiles a Bayrampasa avec centre de congres integre. Salles de reunion pour 500+ personnes, equipement audiovisuel professionnel. Chambres executives avec salon.","Honey Travel Cheraga","Topkapi Cd. No:12, Bayrampasa","Istanbul","","Istanbul","TR","34000","Topkapi Cd. No:12, Bayrampasa","41.0341","28.9106","Bayrampasa","Istanbul","","51250.00","48687.00","+213549591903","3","contact@honeytravelcheraga.com","tripAdvisor","4.0","100","https://honeytravelcheraga.com/b2c/istanbul/images/hotel_0061_4N.jpg","[""Exterior"", ""Facade""]","https://honeytravelcheraga.com/b2c/istanbul/images/default.jpg","[""Room"", ""Interior""]","","https://honeytravelcheraga.com/b2c/istanbul/booking?id=HT0061_4N"
"HT0061_6N","WINDSOR HOTEL & CONVENTION CENTER - 6 Nuits","6 nuits au Windsor Convention Center 4 etoiles pour congres et seminaires. Forfait salle + hebergement disponible. Proche aeroport pour voyageurs affaires, service business center 24h/24.","Honey Travel Cheraga","Istanbul Cd. No:1, Istanbul Center","Istanbul","","Istanbul","TR","34000","Istanbul Cd. No:1, Istanbul Center","41.0082","28.9784","Default","Istanbul","","70000.00","66500.00","+213549591903","3","contact@honeytravelcheraga.com","tripAdvisor","4.0","100","https://honeytravelcheraga.com/b2c/istanbul/images/hotel_0061_6N.jpg","[""Exterior"", ""Facade""]","https://honeytravelcheraga.com/b2c/istanbul/images/default.jpg","[""Room"", ""Interior""]","","https://honeytravelcheraga.com/b2c/istanbul/booking?id=HT0061_6N"
"HT0061_7N","WINDSOR HOTEL & CONVENTION CENTER - 7 Nuits","Semaine professionnelle au Windsor Hotel 4 etoiles Convention Center. Équipements complets pour evenements corporate, traiteur interne. Chambres avec bureau ergonomique, connexion haut debit dediee.","Honey Travel Cheraga","Istanbul Cd. No:1, Istanbul Center","Istanbul","","Istanbul","TR","34000","Istanbul Cd. No:1, Istanbul Center","41.0082","28.9784","Default","Istanbul","","80000.00","76000.00","+213549591903","3","contact@honeytravelcheraga.com","tripAdvisor","4.0","100","https://honeytravelcheraga.com/b2c/istanbul/images/hotel_0061_7N.jpg","[""Exterior"", ""Facade""]","https://honeytravelcheraga.com/b2c/istanbul/images/default.jpg","[""Room"", ""Interior""]","","https://honeytravelcheraga.com/b2c/istanbul/booking?id=HT0061_7N"
"HT0062_4N","URANUS HOTELS - 4 Nuits","Uranus Hotels 4 etoiles a Topkapi avec theme astronomique et decor celeste. Chambres avec vue sur la ville etoilee la nuit, planetarium prive pour enfants. Proche des remparts historiques.","Honey Travel Cheraga","Topkapi Cd. No:18, Topkapi","Istanbul","","Istanbul","TR","34000","Topkapi Cd. No:18, Topkapi","41.0139","28.9200","Topkapi","Istanbul","","55000.00","52250.00","+213549591903","3","contact@honeytravelcheraga.com","tripAdvisor","4.0","100","https://honeytravelcheraga.com/b2c/istanbul/images/hotel_0062_4N.jpg","[""Exterior"", ""Facade""]","https://honeytravelcheraga.com/b2c/istanbul/images/default.jpg","[""Room"", ""Interior""]","","https://honeytravelcheraga.com/b2c/istanbul/booking?id=HT0062_4N"
"HT0062_6N","URANUS HOTELS - 6 Nuits","6 nuits au Uranus Hotels 4 etoiles pour voyage astronomique. Observatory lounge avec telescope pour observer la ville, soirees a theme espace. Chambres familiales avec lits superposes enfants.","Honey Travel Cheraga","Istanbul Cd. No:1, Istanbul Center","Istanbul","","Istanbul","TR","34000","Istanbul Cd. No:1, Istanbul Center","41.0082","28.9784","Default","Istanbul","","76250.00","72437.00","+213549591903","3","contact@honeytravelcheraga.com","tripAdvisor","4.0","100","https://honeytravelcheraga.com/b2c/istanbul/images/hotel_0062_6N.jpg","[""Exterior"", ""Facade""]","https://honeytravelcheraga.com/b2c/istanbul/images/default.jpg","[""Room"", ""Interior""]","","https://honeytravelcheraga.com/b2c/istanbul/booking?id=HT0062_6N"
"HT0062_7N","URANUS HOTELS - 7 Nuits","Semaine cosmique au Uranus Hotels 4 etoiles Topkapi. Programme educatif pour enfants sur astronomie ottomane, visites guidees de l'observatoire historique de Takiyeddin. Service telescope in room.","Honey Travel Cheraga","Topkapi Cd. No:18, Topkapi","Istanbul","","Istanbul","TR","34000","Topkapi Cd. No:18, Topkapi","41.0139","28.9200","Topkapi","Istanbul","","86250.00","81937.00","+213549591903","3","contact@honeytravelcheraga.com","tripAdvisor","4.0","100","https://honeytravelcheraga.com/b2c/istanbul/images/hotel_0062_7N.jpg","[""Exterior"", ""Facade""]","https://honeytravelcheraga.com/b2c/istanbul/images/default.jpg","[""Room"", ""Interior""]","","https://honeytravelcheraga.com/b2c/istanbul/booking?id=HT0062_7N"
"HT0063_4N","THE CRATON HOTEL - 4 Nuits","The Craton Hotel 4 etoiles a Sisli avec design mineral et elegant. Chambres avec pierres apparentes et finitions luxueuses. Spa avec therapies pierres chaudes, restaurant avec cuisine fusion.","Honey Travel Cheraga","Halaskargazi Cd. No:50, Sisli","Istanbul","","Istanbul","TR","34000","Halaskargazi Cd. No:50, Sisli","41.0605","28.9872","Sisli","Istanbul","","65000.00","61750.00","+213549591903","3","contact@honeytravelcheraga.com","tripAdvisor","4.0","100","https://honeytravelcheraga.com/b2c/istanbul/images/hotel_0063_4N.jpg","[""Exterior"", ""Facade""]","https://honeytravelcheraga.com/b2c/istanbul/images/default.jpg","[""Room"", ""Interior""]","","https://honeytravelcheraga.com/b2c/istanbul/booking?id=HT0063_4N"
"HT0063_6N","THE CRATON HOTEL - 6 Nuits","6 nuits au Craton Hotel 4 etoiles Sisli pour experience geologique unique. Musee des mineraux dans le lobby, boutique de bijoux pierres precieuses turques. Chambres avec salle de bain marbre.","Honey Travel Cheraga","Halaskargazi Cd. No:50, Sisli","Istanbul","","Istanbul","TR","34000","Halaskargazi Cd. No:50, Sisli","41.0605","28.9872","Sisli","Istanbul","","85000.00","80750.00","+213549591903","3","contact@honeytravelcheraga.com","tripAdvisor","4.0","100","https://honeytravelcheraga.com/b2c/istanbul/images/hotel_0063_6N.jpg","[""Exterior"", ""Facade""]","https://honeytravelcheraga.com/b2c/istanbul/images/default.jpg","[""Room"", ""Interior""]","","https://honeytravelcheraga.com/b2c/istanbul/booking?id=HT0063_6N"
"HT0063_7N","THE CRATON HOTEL - 7 Nuits","Semaine luxueuse au Craton Hotel 4 etoiles. Wellness center avec therapies cristaux et pierres semi-precieuses. Quartier chic de Sisli proche de Nisantasi, service personal shopper disponible.","Honey Travel Cheraga","Halaskargazi Cd. No:50, Sisli","Istanbul","","Istanbul","TR","34000","Halaskargazi Cd. No:50, Sisli","41.0605","28.9872","Sisli","Istanbul","","97500.00","92625.00","+213549591903","3","contact@honeytravelcheraga.com","tripAdvisor","4.0","100","https://honeytravelcheraga.com/b2c/istanbul/images/hotel_0063_7N.jpg","[""Exterior"", ""Facade""]","https://honeytravelcheraga.com/b2c/istanbul/images/default.jpg","[""Room"", ""Interior""]","","https://honeytravelcheraga.com/b2c/istanbul/booking?id=HT0063_7N"
